[
{
    "model": "auth.user",
    "pk": 1,
    "fields": {
        "password": "pbkdf2_sha256$30000$Wqi3fPr7L7Kx$TXXWVIJPfBykDzqUGEnvnuBts+yf/B4fhG0dF982tqY=",
        "last_login": "2017-08-14T09:17:41.683Z",
        "is_superuser": true,
        "username": "natalya",
        "first_name": "",
        "last_name": "",
        "email": "natalya2487@gmail.com",
        "is_staff": true,
        "is_active": true,
        "date_joined": "2016-10-10T07:04:19.006Z",
        "groups": [],
        "user_permissions": []
    }
},
{
    "model": "sessions.session",
    "pk": "7sobf1cm4iio6por021krhzar153b3u3",
    "fields": {
        "session_data": "MGM4ZjU4NWY4ZWM5NzM4MzJjOWQzNjU5OTU5NTE3NmNlNDJkYmQzZDp7Il9hdXRoX3VzZXJfaGFzaCI6ImRmNTAzMDYwOWFhMDE1NmQ2Zjk3NzU3YTY3MGUxZDc0NGY5NWE0YTkiLCJfYXV0aF91c2VyX2JhY2tlbmQiOiJkamFuZ28uY29udHJpYi5hdXRoLmJhY2tlbmRzLk1vZGVsQmFja2VuZCIsIl9hdXRoX3VzZXJfaWQiOiIxIn0=",
        "expire_date": "2016-11-14T12:49:11.160Z"
    }
},
{
    "model": "sessions.session",
    "pk": "8evdq2g2xax8em6l9xhzgc7znrg00tn6",
    "fields": {
        "session_data": "MGM4ZjU4NWY4ZWM5NzM4MzJjOWQzNjU5OTU5NTE3NmNlNDJkYmQzZDp7Il9hdXRoX3VzZXJfaGFzaCI6ImRmNTAzMDYwOWFhMDE1NmQ2Zjk3NzU3YTY3MGUxZDc0NGY5NWE0YTkiLCJfYXV0aF91c2VyX2JhY2tlbmQiOiJkamFuZ28uY29udHJpYi5hdXRoLmJhY2tlbmRzLk1vZGVsQmFja2VuZCIsIl9hdXRoX3VzZXJfaWQiOiIxIn0=",
        "expire_date": "2017-08-28T09:17:41.739Z"
    }
},
{
    "model": "sessions.session",
    "pk": "b7uvicbhftcphxevx1cut8ys55nffmaq",
    "fields": {
        "session_data": "MGM4ZjU4NWY4ZWM5NzM4MzJjOWQzNjU5OTU5NTE3NmNlNDJkYmQzZDp7Il9hdXRoX3VzZXJfaGFzaCI6ImRmNTAzMDYwOWFhMDE1NmQ2Zjk3NzU3YTY3MGUxZDc0NGY5NWE0YTkiLCJfYXV0aF91c2VyX2JhY2tlbmQiOiJkamFuZ28uY29udHJpYi5hdXRoLmJhY2tlbmRzLk1vZGVsQmFja2VuZCIsIl9hdXRoX3VzZXJfaWQiOiIxIn0=",
        "expire_date": "2016-11-28T18:50:27.272Z"
    }
},
{
    "model": "sessions.session",
    "pk": "cbf05huqlp9zylyx99k1bbqnsz5c7e1o",
    "fields": {
        "session_data": "MGM4ZjU4NWY4ZWM5NzM4MzJjOWQzNjU5OTU5NTE3NmNlNDJkYmQzZDp7Il9hdXRoX3VzZXJfaGFzaCI6ImRmNTAzMDYwOWFhMDE1NmQ2Zjk3NzU3YTY3MGUxZDc0NGY5NWE0YTkiLCJfYXV0aF91c2VyX2JhY2tlbmQiOiJkamFuZ28uY29udHJpYi5hdXRoLmJhY2tlbmRzLk1vZGVsQmFja2VuZCIsIl9hdXRoX3VzZXJfaWQiOiIxIn0=",
        "expire_date": "2016-10-30T12:42:12.763Z"
    }
},
{
    "model": "sessions.session",
    "pk": "m3jdvox3roy6hr1d6vbx8z8ih679yj3d",
    "fields": {
        "session_data": "MGM4ZjU4NWY4ZWM5NzM4MzJjOWQzNjU5OTU5NTE3NmNlNDJkYmQzZDp7Il9hdXRoX3VzZXJfaGFzaCI6ImRmNTAzMDYwOWFhMDE1NmQ2Zjk3NzU3YTY3MGUxZDc0NGY5NWE0YTkiLCJfYXV0aF91c2VyX2JhY2tlbmQiOiJkamFuZ28uY29udHJpYi5hdXRoLmJhY2tlbmRzLk1vZGVsQmFja2VuZCIsIl9hdXRoX3VzZXJfaWQiOiIxIn0=",
        "expire_date": "2017-06-01T10:09:28.831Z"
    }
},
{
    "model": "sessions.session",
    "pk": "o61lmbzs3k0bw3w1beylb4gsegy4l4pl",
    "fields": {
        "session_data": "MGM4ZjU4NWY4ZWM5NzM4MzJjOWQzNjU5OTU5NTE3NmNlNDJkYmQzZDp7Il9hdXRoX3VzZXJfaGFzaCI6ImRmNTAzMDYwOWFhMDE1NmQ2Zjk3NzU3YTY3MGUxZDc0NGY5NWE0YTkiLCJfYXV0aF91c2VyX2JhY2tlbmQiOiJkamFuZ28uY29udHJpYi5hdXRoLmJhY2tlbmRzLk1vZGVsQmFja2VuZCIsIl9hdXRoX3VzZXJfaWQiOiIxIn0=",
        "expire_date": "2017-08-11T06:45:05.186Z"
    }
},
{
    "model": "sessions.session",
    "pk": "p3qw0mn3gap48lib0yp0x1b6td8tkp18",
    "fields": {
        "session_data": "ZjFjOWFkYjIwOTNjODgzYTY3NzFkY2Q2MWYxODYyMDJhYmJjZjhhMDp7Il9hdXRoX3VzZXJfaGFzaCI6Ijg5Zjc0OTE3ODNiNjE5ODRhYTNmZjYwNDVmZTEzMTU0ZGIzZTE2NDgiLCJfYXV0aF91c2VyX2JhY2tlbmQiOiJkamFuZ28uY29udHJpYi5hdXRoLmJhY2tlbmRzLk1vZGVsQmFja2VuZCIsIl9hdXRoX3VzZXJfaWQiOiIxIn0=",
        "expire_date": "2016-10-24T07:04:46.415Z"
    }
},
{
    "model": "sites.site",
    "pk": 1,
    "fields": {
        "domain": "studentsdb.com",
        "name": "studentsdb.com"
    }
},
{
    "model": "students.student",
    "pk": 1,
    "fields": {
        "first_name": "Oleg",
        "last_name": "Podoba",
        "middle_name": "",
        "birthday": "2016-10-10",
        "photo": "",
        "ticket": "234",
        "student_group": 1,
        "notes": ""
    }
},
{
    "model": "students.student",
    "pk": 3,
    "fields": {
        "first_name": "\u041d\u0430\u0442\u0430\u043b\u044c\u044f",
        "last_name": "\u041f\u0438\u043c\u0430\u043d\u043a\u043e\u0432\u0430",
        "middle_name": "\u0421\u0435\u0440\u0433\u0435\u0435\u0432\u043d\u0430",
        "birthday": "1987-04-24",
        "photo": "",
        "ticket": "235",
        "student_group": 2,
        "notes": ""
    }
},
{
    "model": "students.student",
    "pk": 4,
    "fields": {
        "first_name": "\u0410\u0440\u0442\u0435\u043c",
        "last_name": "\u041c\u0430\u043a\u0430\u0440\u043e\u0432",
        "middle_name": "\u0412\u0456\u043a\u0442\u043e\u0440\u043e\u0432\u0438\u0447",
        "birthday": "1988-07-07",
        "photo": "",
        "ticket": "865",
        "student_group": 2,
        "notes": ""
    }
},
{
    "model": "students.student",
    "pk": 5,
    "fields": {
        "first_name": "\u0412\u043b\u0430\u0434",
        "last_name": "\u0413\u043e\u043b\u043e\u0432\u043a\u043e",
        "middle_name": "\u041e\u043b\u0435\u043a\u0441\u0456\u0439\u043e\u0432\u0438\u0447",
        "birthday": "1988-08-22",
        "photo": "",
        "ticket": "45",
        "student_group": 2,
        "notes": ""
    }
},
{
    "model": "students.student",
    "pk": 6,
    "fields": {
        "first_name": "\u0412\u0456\u0442\u0430\u043b\u0456\u0439",
        "last_name": "\u041f\u043e\u0434\u043e\u0431\u0430",
        "middle_name": "",
        "birthday": "2016-10-10",
        "photo": "piv_CQlGPL7.png",
        "ticket": "235",
        "student_group": 1,
        "notes": ""
    }
},
{
    "model": "students.student",
    "pk": 7,
    "fields": {
        "first_name": "\u0410\u043d\u0434\u0440\u0456\u0439",
        "last_name": "\u041a\u043e\u0440\u043e\u0441\u0442",
        "middle_name": "",
        "birthday": "2016-10-10",
        "photo": "me_uCC37Az.jpeg",
        "ticket": "2123",
        "student_group": 1,
        "notes": ""
    }
},
{
    "model": "students.student",
    "pk": 8,
    "fields": {
        "first_name": "\u0422\u0430\u0440\u0430\u0441",
        "last_name": "\u041f\u0440\u0438\u0442\u0443\u043b\u0430",
        "middle_name": "",
        "birthday": "2016-10-10",
        "photo": "podoba3_PwmXkXB.jpg",
        "ticket": "5352",
        "student_group": 1,
        "notes": ""
    }
},
{
    "model": "students.student",
    "pk": 9,
    "fields": {
        "first_name": "\u0410\u043d\u0430\u0441\u0442\u0430\u0441\u0456\u044f",
        "last_name": "\u041a\u0430\u0440\u043f\u0435\u043d\u043a\u043e",
        "middle_name": "",
        "birthday": "2016-10-21",
        "photo": "",
        "ticket": "76",
        "student_group": 3,
        "notes": ""
    }
},
{
    "model": "students.student",
    "pk": 10,
    "fields": {
        "first_name": "\u0421\u0435\u0440\u0433\u0456\u0439",
        "last_name": "\u0421\u0435\u0440\u0435\u0434\u0430",
        "middle_name": "\u0412\u0430\u043b\u0435\u0440\u0456\u0439\u043e\u0432\u0438\u0447",
        "birthday": "1987-01-16",
        "photo": "IMG_0648.JPG",
        "ticket": "5352",
        "student_group": 2,
        "notes": ""
    }
},
{
    "model": "students.student",
    "pk": 11,
    "fields": {
        "first_name": "\u0410\u043d\u0434\u0440\u0456\u0439",
        "last_name": "\u0413\u0443\u043c\u0435\u043d\u044e\u043a",
        "middle_name": "",
        "birthday": "1987-10-13",
        "photo": "",
        "ticket": "7654",
        "student_group": 2,
        "notes": "\u0456"
    }
},
{
    "model": "students.student",
    "pk": 12,
    "fields": {
        "first_name": "\u041a\u0430\u0442\u0435\u0440\u0438\u043d\u0430",
        "last_name": "\u041c\u0456\u0449\u0435\u043d\u043a\u043e",
        "middle_name": "\u0421\u0435\u0440\u0433\u0456\u0457\u0432\u043d\u0430",
        "birthday": "1989-06-17",
        "photo": "",
        "ticket": "987",
        "student_group": 6,
        "notes": "\u043d"
    }
},
{
    "model": "students.student",
    "pk": 13,
    "fields": {
        "first_name": "\u0410\u043d\u043d\u0430",
        "last_name": "\u0406\u0432\u0430\u043d\u0438\u0448\u0438\u043d\u0430",
        "middle_name": "\u0412\u0456\u043a\u0442\u043e\u0440\u0456\u0432\u043d\u0430",
        "birthday": "1988-06-02",
        "photo": "",
        "ticket": "8765",
        "student_group": 2,
        "notes": ""
    }
},
{
    "model": "students.student",
    "pk": 14,
    "fields": {
        "first_name": "\u0421\u0435\u0440\u0433\u0456\u0439",
        "last_name": "\u0412\u043e\u0432\u043a",
        "middle_name": "\u0421\u0435\u0440\u0433\u0456\u0439\u043e\u0432\u0438\u0447",
        "birthday": "1987-10-10",
        "photo": "",
        "ticket": "579",
        "student_group": 2,
        "notes": ""
    }
},
{
    "model": "students.student",
    "pk": 16,
    "fields": {
        "first_name": "\u042e\u043b\u0456\u044f",
        "last_name": "\u0425\u0430\u0440\u043b\u0430\u043c\u043e\u0432\u0430",
        "middle_name": "",
        "birthday": "1987-01-16",
        "photo": "",
        "ticket": "35467",
        "student_group": 2,
        "notes": ""
    }
},
{
    "model": "students.student",
    "pk": 17,
    "fields": {
        "first_name": "\u043c\u043c",
        "last_name": "\u0456\u0456\u0440\u0440",
        "middle_name": "\u0430\u0430",
        "birthday": "1987-01-15",
        "photo": "",
        "ticket": "12",
        "student_group": 4,
        "notes": ""
    }
},
{
    "model": "students.student",
    "pk": 18,
    "fields": {
        "first_name": "\u043b\u043b",
        "last_name": "\u0446\u0446",
        "middle_name": "",
        "birthday": "1987-04-24",
        "photo": "",
        "ticket": "345",
        "student_group": 2,
        "notes": ""
    }
},
{
    "model": "students.student",
    "pk": 21,
    "fields": {
        "first_name": "Petro",
        "last_name": "Ivanov",
        "middle_name": "Sergijovych",
        "birthday": "1987-01-15",
        "photo": "",
        "ticket": "9860",
        "student_group": 3,
        "notes": ""
    }
},
{
    "model": "students.student",
    "pk": 22,
    "fields": {
        "first_name": "Roman",
        "last_name": "akulov",
        "middle_name": "",
        "birthday": "1986-06-12",
        "photo": "",
        "ticket": "967",
        "student_group": 3,
        "notes": ""
    }
},
{
    "model": "students.student",
    "pk": 23,
    "fields": {
        "first_name": "\u0421\u0442\u0443\u0434\u0435\u043d\u0442",
        "last_name": "bbbb",
        "middle_name": "",
        "birthday": "1987-12-20",
        "photo": "",
        "ticket": "78",
        "student_group": 3,
        "notes": ""
    }
},
{
    "model": "students.student",
    "pk": 24,
    "fields": {
        "first_name": "\u0421\u0442\u0443\u0434\u0435\u043d\u0442",
        "last_name": "\u0422\u0435\u0441\u0442\u043e\u0432\u0438\u0439",
        "middle_name": "",
        "birthday": "1987-01-15",
        "photo": "",
        "ticket": "7oi8io",
        "student_group": 3,
        "notes": ""
    }
},
{
    "model": "students.student",
    "pk": 25,
    "fields": {
        "first_name": "Natalya",
        "last_name": "Pimankova",
        "middle_name": "",
        "birthday": "1987-04-24",
        "photo": "",
        "ticket": "92478",
        "student_group": 2,
        "notes": ""
    }
},
{
    "model": "students.student",
    "pk": 27,
    "fields": {
        "first_name": "\u0406\u0440\u0438\u043d\u0430",
        "last_name": "\u0421\u0430\u0432\u0447\u0435\u043d\u043a\u043e",
        "middle_name": "",
        "birthday": "1985-09-18",
        "photo": "",
        "ticket": "53774",
        "student_group": 4,
        "notes": ""
    }
},
{
    "model": "students.group",
    "pk": 1,
    "fields": {
        "title": "MTM",
        "leader": 6,
        "notes": ""
    }
},
{
    "model": "students.group",
    "pk": 2,
    "fields": {
        "title": "\u0406-05",
        "leader": 18,
        "notes": ""
    }
},
{
    "model": "students.group",
    "pk": 3,
    "fields": {
        "title": "\u041d\u0410\u0424-05-1",
        "leader": 9,
        "notes": ""
    }
},
{
    "model": "students.group",
    "pk": 4,
    "fields": {
        "title": "MI-05-1",
        "leader": 17,
        "notes": ""
    }
},
{
    "model": "students.group",
    "pk": 6,
    "fields": {
        "title": "dd",
        "leader": 12,
        "notes": ""
    }
},
{
    "model": "students.group",
    "pk": 7,
    "fields": {
        "title": "aass",
        "leader": null,
        "notes": ""
    }
},
{
    "model": "students.exam",
    "pk": 1,
    "fields": {
        "title": "\u0427\u0438\u0441\u043b\u0435\u043d\u043d\u044b\u0435 \u043c\u0435\u0442\u043e\u0434\u044b",
        "date": "2016-10-21T09:00:00Z",
        "teacher": "\u041f\u0435\u0442\u0440\u043e\u0432 \u0412.\u0412",
        "group": 1,
        "notes": ""
    }
},
{
    "model": "students.exam",
    "pk": 2,
    "fields": {
        "title": "\u041c\u0430\u0442\u0435\u043c\u0430\u0442\u0438\u0447\u0435\u0441\u043a\u0438\u0439 \u0430\u043d\u0430\u043b\u0438\u0437",
        "date": "2016-10-20T09:00:00Z",
        "teacher": "\u041a\u043e\u0440\u043e\u043b\u044c\u0441\u043a\u0438\u0439 \u0412. \u0410.",
        "group": 2,
        "notes": ""
    }
},
{
    "model": "students.exam",
    "pk": 3,
    "fields": {
        "title": "\u0410\u043d\u0433\u043b\u0456\u0439\u0441\u044c\u043a\u0430 \u043c\u043e\u0432\u0430. \u0413\u0440\u0430\u043c\u0430\u0442\u0438\u043a\u0430",
        "date": "2016-10-22T12:00:00Z",
        "teacher": "\u0406\u0432\u0430\u043d\u043e\u0432\u0430 \u041b. \u041f.",
        "group": 3,
        "notes": ""
    }
},
{
    "model": "students.exam",
    "pk": 4,
    "fields": {
        "title": "\u041f\u0440\u043e\u0433\u0440\u0430\u043c\u0443\u0432\u0430\u043d\u043d\u044f",
        "date": "2016-10-20T00:00:00Z",
        "teacher": "\u041c\u043e\u0456\u0441\u0435\u0454\u043d\u043a\u043e \u041d.\u0412.",
        "group": 2,
        "notes": ""
    }
},
{
    "model": "students.result",
    "pk": 1,
    "fields": {
        "grade": 4.0,
        "exam": 2,
        "group": 2,
        "student": 4
    }
},
{
    "model": "students.result",
    "pk": 2,
    "fields": {
        "grade": 5.0,
        "exam": 3,
        "group": 3,
        "student": 9
    }
},
{
    "model": "students.result",
    "pk": 3,
    "fields": {
        "grade": 4.0,
        "exam": 3,
        "group": 3,
        "student": 23
    }
},
{
    "model": "students.result",
    "pk": 4,
    "fields": {
        "grade": 5.0,
        "exam": 1,
        "group": 1,
        "student": 6
    }
},
{
    "model": "students.result",
    "pk": 5,
    "fields": {
        "grade": 5.0,
        "exam": 1,
        "group": 1,
        "student": 8
    }
},
{
    "model": "students.result",
    "pk": 6,
    "fields": {
        "grade": 5.0,
        "exam": 1,
        "group": 1,
        "student": 7
    }
},
{
    "model": "students.result",
    "pk": 7,
    "fields": {
        "grade": 4.0,
        "exam": 3,
        "group": 3,
        "student": 21
    }
},
{
    "model": "students.result",
    "pk": 8,
    "fields": {
        "grade": 3.0,
        "exam": 3,
        "group": 3,
        "student": 22
    }
},
{
    "model": "students.result",
    "pk": 9,
    "fields": {
        "grade": 4.3,
        "exam": 3,
        "group": 3,
        "student": 21
    }
},
{
    "model": "students.monthjournal",
    "pk": 1,
    "fields": {
        "student": 24,
        "date": "2017-05-01",
        "present_day1": false,
        "present_day2": false,
        "present_day3": false,
        "present_day4": false,
        "present_day5": false,
        "present_day6": false,
        "present_day7": false,
        "present_day8": false,
        "present_day9": false,
        "present_day10": false,
        "present_day11": false,
        "present_day12": false,
        "present_day13": false,
        "present_day14": true,
        "present_day15": false,
        "present_day16": false,
        "present_day17": true,
        "present_day18": false,
        "present_day19": false,
        "present_day20": false,
        "present_day21": false,
        "present_day22": false,
        "present_day23": false,
        "present_day24": false,
        "present_day25": false,
        "present_day26": false,
        "present_day27": false,
        "present_day28": false,
        "present_day29": false,
        "present_day30": false,
        "present_day31": false
    }
},
{
    "model": "students.monthjournal",
    "pk": 2,
    "fields": {
        "student": 22,
        "date": "2017-05-01",
        "present_day1": false,
        "present_day2": false,
        "present_day3": false,
        "present_day4": false,
        "present_day5": false,
        "present_day6": false,
        "present_day7": false,
        "present_day8": false,
        "present_day9": false,
        "present_day10": false,
        "present_day11": false,
        "present_day12": false,
        "present_day13": false,
        "present_day14": true,
        "present_day15": false,
        "present_day16": false,
        "present_day17": true,
        "present_day18": false,
        "present_day19": false,
        "present_day20": false,
        "present_day21": false,
        "present_day22": false,
        "present_day23": false,
        "present_day24": false,
        "present_day25": false,
        "present_day26": false,
        "present_day27": false,
        "present_day28": false,
        "present_day29": false,
        "present_day30": false,
        "present_day31": false
    }
},
{
    "model": "students.monthjournal",
    "pk": 3,
    "fields": {
        "student": 23,
        "date": "2017-05-01",
        "present_day1": false,
        "present_day2": false,
        "present_day3": false,
        "present_day4": false,
        "present_day5": false,
        "present_day6": false,
        "present_day7": false,
        "present_day8": false,
        "present_day9": false,
        "present_day10": false,
        "present_day11": false,
        "present_day12": false,
        "present_day13": false,
        "present_day14": false,
        "present_day15": false,
        "present_day16": false,
        "present_day17": true,
        "present_day18": false,
        "present_day19": false,
        "present_day20": false,
        "present_day21": false,
        "present_day22": false,
        "present_day23": false,
        "present_day24": false,
        "present_day25": false,
        "present_day26": false,
        "present_day27": false,
        "present_day28": false,
        "present_day29": false,
        "present_day30": false,
        "present_day31": false
    }
},
{
    "model": "students.monthjournal",
    "pk": 4,
    "fields": {
        "student": 21,
        "date": "2017-05-01",
        "present_day1": false,
        "present_day2": false,
        "present_day3": false,
        "present_day4": false,
        "present_day5": false,
        "present_day6": false,
        "present_day7": false,
        "present_day8": false,
        "present_day9": false,
        "present_day10": false,
        "present_day11": false,
        "present_day12": false,
        "present_day13": false,
        "present_day14": false,
        "present_day15": false,
        "present_day16": false,
        "present_day17": true,
        "present_day18": false,
        "present_day19": false,
        "present_day20": false,
        "present_day21": false,
        "present_day22": false,
        "present_day23": false,
        "present_day24": false,
        "present_day25": false,
        "present_day26": false,
        "present_day27": false,
        "present_day28": false,
        "present_day29": false,
        "present_day30": false,
        "present_day31": false
    }
},
{
    "model": "students.monthjournal",
    "pk": 5,
    "fields": {
        "student": 25,
        "date": "2017-05-01",
        "present_day1": false,
        "present_day2": false,
        "present_day3": false,
        "present_day4": false,
        "present_day5": false,
        "present_day6": false,
        "present_day7": false,
        "present_day8": false,
        "present_day9": false,
        "present_day10": false,
        "present_day11": false,
        "present_day12": false,
        "present_day13": false,
        "present_day14": false,
        "present_day15": false,
        "present_day16": false,
        "present_day17": true,
        "present_day18": false,
        "present_day19": false,
        "present_day20": false,
        "present_day21": false,
        "present_day22": false,
        "present_day23": false,
        "present_day24": false,
        "present_day25": false,
        "present_day26": false,
        "present_day27": false,
        "present_day28": false,
        "present_day29": false,
        "present_day30": false,
        "present_day31": false
    }
},
{
    "model": "students.monthjournal",
    "pk": 6,
    "fields": {
        "student": 1,
        "date": "2017-05-01",
        "present_day1": false,
        "present_day2": false,
        "present_day3": false,
        "present_day4": false,
        "present_day5": false,
        "present_day6": false,
        "present_day7": false,
        "present_day8": false,
        "present_day9": false,
        "present_day10": false,
        "present_day11": false,
        "present_day12": false,
        "present_day13": false,
        "present_day14": false,
        "present_day15": false,
        "present_day16": false,
        "present_day17": true,
        "present_day18": false,
        "present_day19": false,
        "present_day20": false,
        "present_day21": false,
        "present_day22": false,
        "present_day23": false,
        "present_day24": false,
        "present_day25": false,
        "present_day26": false,
        "present_day27": false,
        "present_day28": false,
        "present_day29": false,
        "present_day30": false,
        "present_day31": false
    }
},
{
    "model": "students.monthjournal",
    "pk": 7,
    "fields": {
        "student": 14,
        "date": "2017-05-01",
        "present_day1": false,
        "present_day2": false,
        "present_day3": false,
        "present_day4": false,
        "present_day5": false,
        "present_day6": false,
        "present_day7": false,
        "present_day8": false,
        "present_day9": false,
        "present_day10": false,
        "present_day11": false,
        "present_day12": false,
        "present_day13": false,
        "present_day14": false,
        "present_day15": false,
        "present_day16": false,
        "present_day17": true,
        "present_day18": false,
        "present_day19": false,
        "present_day20": false,
        "present_day21": false,
        "present_day22": false,
        "present_day23": false,
        "present_day24": false,
        "present_day25": false,
        "present_day26": false,
        "present_day27": false,
        "present_day28": false,
        "present_day29": false,
        "present_day30": false,
        "present_day31": false
    }
},
{
    "model": "students.monthjournal",
    "pk": 8,
    "fields": {
        "student": 5,
        "date": "2017-05-01",
        "present_day1": false,
        "present_day2": false,
        "present_day3": false,
        "present_day4": false,
        "present_day5": false,
        "present_day6": false,
        "present_day7": false,
        "present_day8": false,
        "present_day9": false,
        "present_day10": false,
        "present_day11": false,
        "present_day12": false,
        "present_day13": false,
        "present_day14": false,
        "present_day15": false,
        "present_day16": false,
        "present_day17": true,
        "present_day18": false,
        "present_day19": false,
        "present_day20": false,
        "present_day21": false,
        "present_day22": false,
        "present_day23": false,
        "present_day24": false,
        "present_day25": false,
        "present_day26": false,
        "present_day27": false,
        "present_day28": false,
        "present_day29": false,
        "present_day30": false,
        "present_day31": false
    }
},
{
    "model": "students.monthjournal",
    "pk": 9,
    "fields": {
        "student": 11,
        "date": "2017-05-01",
        "present_day1": false,
        "present_day2": false,
        "present_day3": false,
        "present_day4": false,
        "present_day5": false,
        "present_day6": false,
        "present_day7": false,
        "present_day8": false,
        "present_day9": false,
        "present_day10": false,
        "present_day11": false,
        "present_day12": false,
        "present_day13": false,
        "present_day14": false,
        "present_day15": false,
        "present_day16": false,
        "present_day17": true,
        "present_day18": false,
        "present_day19": false,
        "present_day20": false,
        "present_day21": false,
        "present_day22": false,
        "present_day23": false,
        "present_day24": false,
        "present_day25": false,
        "present_day26": false,
        "present_day27": false,
        "present_day28": false,
        "present_day29": false,
        "present_day30": false,
        "present_day31": false
    }
},
{
    "model": "students.monthjournal",
    "pk": 10,
    "fields": {
        "student": 13,
        "date": "2017-05-01",
        "present_day1": false,
        "present_day2": false,
        "present_day3": false,
        "present_day4": false,
        "present_day5": false,
        "present_day6": false,
        "present_day7": false,
        "present_day8": false,
        "present_day9": false,
        "present_day10": false,
        "present_day11": false,
        "present_day12": false,
        "present_day13": false,
        "present_day14": false,
        "present_day15": false,
        "present_day16": false,
        "present_day17": true,
        "present_day18": false,
        "present_day19": false,
        "present_day20": false,
        "present_day21": false,
        "present_day22": false,
        "present_day23": false,
        "present_day24": false,
        "present_day25": false,
        "present_day26": false,
        "present_day27": false,
        "present_day28": false,
        "present_day29": false,
        "present_day30": false,
        "present_day31": false
    }
},
{
    "model": "students.monthjournal",
    "pk": 11,
    "fields": {
        "student": 25,
        "date": "2017-06-01",
        "present_day1": true,
        "present_day2": true,
        "present_day3": true,
        "present_day4": true,
        "present_day5": true,
        "present_day6": false,
        "present_day7": false,
        "present_day8": false,
        "present_day9": false,
        "present_day10": false,
        "present_day11": false,
        "present_day12": false,
        "present_day13": false,
        "present_day14": false,
        "present_day15": false,
        "present_day16": false,
        "present_day17": false,
        "present_day18": false,
        "present_day19": false,
        "present_day20": false,
        "present_day21": false,
        "present_day22": false,
        "present_day23": false,
        "present_day24": false,
        "present_day25": false,
        "present_day26": false,
        "present_day27": false,
        "present_day28": false,
        "present_day29": false,
        "present_day30": false,
        "present_day31": false
    }
},
{
    "model": "students.monthjournal",
    "pk": 12,
    "fields": {
        "student": 24,
        "date": "2017-07-01",
        "present_day1": false,
        "present_day2": false,
        "present_day3": true,
        "present_day4": false,
        "present_day5": false,
        "present_day6": false,
        "present_day7": false,
        "present_day8": false,
        "present_day9": false,
        "present_day10": false,
        "present_day11": false,
        "present_day12": false,
        "present_day13": false,
        "present_day14": false,
        "present_day15": false,
        "present_day16": false,
        "present_day17": false,
        "present_day18": false,
        "present_day19": false,
        "present_day20": false,
        "present_day21": false,
        "present_day22": false,
        "present_day23": false,
        "present_day24": false,
        "present_day25": false,
        "present_day26": false,
        "present_day27": false,
        "present_day28": false,
        "present_day29": false,
        "present_day30": false,
        "present_day31": false
    }
},
{
    "model": "students.monthjournal",
    "pk": 13,
    "fields": {
        "student": 22,
        "date": "2017-07-01",
        "present_day1": false,
        "present_day2": false,
        "present_day3": true,
        "present_day4": false,
        "present_day5": false,
        "present_day6": true,
        "present_day7": false,
        "present_day8": false,
        "present_day9": false,
        "present_day10": false,
        "present_day11": false,
        "present_day12": false,
        "present_day13": false,
        "present_day14": false,
        "present_day15": false,
        "present_day16": false,
        "present_day17": false,
        "present_day18": false,
        "present_day19": false,
        "present_day20": false,
        "present_day21": false,
        "present_day22": false,
        "present_day23": false,
        "present_day24": false,
        "present_day25": false,
        "present_day26": false,
        "present_day27": false,
        "present_day28": false,
        "present_day29": false,
        "present_day30": false,
        "present_day31": false
    }
},
{
    "model": "students.monthjournal",
    "pk": 14,
    "fields": {
        "student": 23,
        "date": "2017-07-01",
        "present_day1": false,
        "present_day2": false,
        "present_day3": true,
        "present_day4": false,
        "present_day5": false,
        "present_day6": false,
        "present_day7": false,
        "present_day8": false,
        "present_day9": false,
        "present_day10": false,
        "present_day11": true,
        "present_day12": false,
        "present_day13": false,
        "present_day14": false,
        "present_day15": false,
        "present_day16": false,
        "present_day17": false,
        "present_day18": false,
        "present_day19": false,
        "present_day20": false,
        "present_day21": false,
        "present_day22": false,
        "present_day23": false,
        "present_day24": false,
        "present_day25": false,
        "present_day26": false,
        "present_day27": false,
        "present_day28": false,
        "present_day29": false,
        "present_day30": false,
        "present_day31": false
    }
},
{
    "model": "students.monthjournal",
    "pk": 15,
    "fields": {
        "student": 21,
        "date": "2017-07-01",
        "present_day1": true,
        "present_day2": true,
        "present_day3": true,
        "present_day4": false,
        "present_day5": false,
        "present_day6": false,
        "present_day7": false,
        "present_day8": false,
        "present_day9": false,
        "present_day10": false,
        "present_day11": false,
        "present_day12": false,
        "present_day13": false,
        "present_day14": false,
        "present_day15": false,
        "present_day16": false,
        "present_day17": false,
        "present_day18": false,
        "present_day19": false,
        "present_day20": false,
        "present_day21": false,
        "present_day22": false,
        "present_day23": false,
        "present_day24": false,
        "present_day25": false,
        "present_day26": false,
        "present_day27": false,
        "present_day28": false,
        "present_day29": false,
        "present_day30": false,
        "present_day31": false
    }
},
{
    "model": "students.monthjournal",
    "pk": 16,
    "fields": {
        "student": 25,
        "date": "2017-07-01",
        "present_day1": false,
        "present_day2": false,
        "present_day3": true,
        "present_day4": false,
        "present_day5": false,
        "present_day6": false,
        "present_day7": false,
        "present_day8": false,
        "present_day9": false,
        "present_day10": false,
        "present_day11": false,
        "present_day12": false,
        "present_day13": false,
        "present_day14": false,
        "present_day15": false,
        "present_day16": false,
        "present_day17": false,
        "present_day18": false,
        "present_day19": false,
        "present_day20": false,
        "present_day21": false,
        "present_day22": false,
        "present_day23": false,
        "present_day24": false,
        "present_day25": false,
        "present_day26": false,
        "present_day27": false,
        "present_day28": false,
        "present_day29": false,
        "present_day30": false,
        "present_day31": false
    }
},
{
    "model": "students.monthjournal",
    "pk": 17,
    "fields": {
        "student": 1,
        "date": "2017-07-01",
        "present_day1": false,
        "present_day2": false,
        "present_day3": true,
        "present_day4": false,
        "present_day5": false,
        "present_day6": false,
        "present_day7": false,
        "present_day8": false,
        "present_day9": false,
        "present_day10": false,
        "present_day11": false,
        "present_day12": false,
        "present_day13": false,
        "present_day14": false,
        "present_day15": false,
        "present_day16": false,
        "present_day17": false,
        "present_day18": false,
        "present_day19": false,
        "present_day20": false,
        "present_day21": false,
        "present_day22": false,
        "present_day23": false,
        "present_day24": false,
        "present_day25": false,
        "present_day26": false,
        "present_day27": false,
        "present_day28": false,
        "present_day29": false,
        "present_day30": false,
        "present_day31": false
    }
},
{
    "model": "students.monthjournal",
    "pk": 18,
    "fields": {
        "student": 14,
        "date": "2017-07-01",
        "present_day1": false,
        "present_day2": false,
        "present_day3": true,
        "present_day4": false,
        "present_day5": false,
        "present_day6": false,
        "present_day7": false,
        "present_day8": false,
        "present_day9": false,
        "present_day10": false,
        "present_day11": false,
        "present_day12": false,
        "present_day13": false,
        "present_day14": false,
        "present_day15": false,
        "present_day16": false,
        "present_day17": false,
        "present_day18": false,
        "present_day19": false,
        "present_day20": false,
        "present_day21": false,
        "present_day22": false,
        "present_day23": false,
        "present_day24": false,
        "present_day25": false,
        "present_day26": false,
        "present_day27": false,
        "present_day28": false,
        "present_day29": false,
        "present_day30": false,
        "present_day31": false
    }
},
{
    "model": "students.monthjournal",
    "pk": 19,
    "fields": {
        "student": 5,
        "date": "2017-07-01",
        "present_day1": false,
        "present_day2": false,
        "present_day3": true,
        "present_day4": false,
        "present_day5": false,
        "present_day6": false,
        "present_day7": false,
        "present_day8": false,
        "present_day9": false,
        "present_day10": false,
        "present_day11": false,
        "present_day12": false,
        "present_day13": false,
        "present_day14": false,
        "present_day15": false,
        "present_day16": false,
        "present_day17": false,
        "present_day18": false,
        "present_day19": false,
        "present_day20": false,
        "present_day21": false,
        "present_day22": false,
        "present_day23": false,
        "present_day24": false,
        "present_day25": false,
        "present_day26": false,
        "present_day27": false,
        "present_day28": false,
        "present_day29": false,
        "present_day30": false,
        "present_day31": false
    }
},
{
    "model": "students.monthjournal",
    "pk": 20,
    "fields": {
        "student": 11,
        "date": "2017-07-01",
        "present_day1": false,
        "present_day2": false,
        "present_day3": true,
        "present_day4": false,
        "present_day5": false,
        "present_day6": false,
        "present_day7": false,
        "present_day8": false,
        "present_day9": false,
        "present_day10": false,
        "present_day11": false,
        "present_day12": false,
        "present_day13": false,
        "present_day14": false,
        "present_day15": false,
        "present_day16": false,
        "present_day17": false,
        "present_day18": false,
        "present_day19": false,
        "present_day20": false,
        "present_day21": false,
        "present_day22": false,
        "present_day23": false,
        "present_day24": false,
        "present_day25": false,
        "present_day26": false,
        "present_day27": false,
        "present_day28": false,
        "present_day29": false,
        "present_day30": false,
        "present_day31": false
    }
},
{
    "model": "students.monthjournal",
    "pk": 21,
    "fields": {
        "student": 13,
        "date": "2017-07-01",
        "present_day1": false,
        "present_day2": false,
        "present_day3": true,
        "present_day4": false,
        "present_day5": false,
        "present_day6": false,
        "present_day7": false,
        "present_day8": false,
        "present_day9": false,
        "present_day10": false,
        "present_day11": false,
        "present_day12": false,
        "present_day13": false,
        "present_day14": false,
        "present_day15": false,
        "present_day16": false,
        "present_day17": false,
        "present_day18": false,
        "present_day19": false,
        "present_day20": false,
        "present_day21": false,
        "present_day22": false,
        "present_day23": false,
        "present_day24": false,
        "present_day25": false,
        "present_day26": false,
        "present_day27": false,
        "present_day28": false,
        "present_day29": false,
        "present_day30": false,
        "present_day31": false
    }
},
{
    "model": "students.monthjournal",
    "pk": 22,
    "fields": {
        "student": 22,
        "date": "2017-08-01",
        "present_day1": false,
        "present_day2": false,
        "present_day3": false,
        "present_day4": false,
        "present_day5": false,
        "present_day6": false,
        "present_day7": true,
        "present_day8": false,
        "present_day9": false,
        "present_day10": false,
        "present_day11": false,
        "present_day12": false,
        "present_day13": false,
        "present_day14": false,
        "present_day15": false,
        "present_day16": false,
        "present_day17": false,
        "present_day18": false,
        "present_day19": false,
        "present_day20": false,
        "present_day21": false,
        "present_day22": false,
        "present_day23": false,
        "present_day24": false,
        "present_day25": false,
        "present_day26": false,
        "present_day27": false,
        "present_day28": false,
        "present_day29": false,
        "present_day30": false,
        "present_day31": false
    }
},
{
    "model": "students.monthjournal",
    "pk": 23,
    "fields": {
        "student": 23,
        "date": "2017-08-01",
        "present_day1": false,
        "present_day2": false,
        "present_day3": false,
        "present_day4": false,
        "present_day5": false,
        "present_day6": false,
        "present_day7": false,
        "present_day8": true,
        "present_day9": false,
        "present_day10": false,
        "present_day11": false,
        "present_day12": false,
        "present_day13": false,
        "present_day14": false,
        "present_day15": false,
        "present_day16": false,
        "present_day17": false,
        "present_day18": false,
        "present_day19": false,
        "present_day20": false,
        "present_day21": false,
        "present_day22": false,
        "present_day23": false,
        "present_day24": false,
        "present_day25": false,
        "present_day26": false,
        "present_day27": false,
        "present_day28": false,
        "present_day29": false,
        "present_day30": false,
        "present_day31": false
    }
},
{
    "model": "students.monthjournal",
    "pk": 24,
    "fields": {
        "student": 21,
        "date": "2017-08-01",
        "present_day1": false,
        "present_day2": false,
        "present_day3": false,
        "present_day4": false,
        "present_day5": false,
        "present_day6": false,
        "present_day7": false,
        "present_day8": false,
        "present_day9": true,
        "present_day10": false,
        "present_day11": false,
        "present_day12": false,
        "present_day13": false,
        "present_day14": false,
        "present_day15": false,
        "present_day16": false,
        "present_day17": false,
        "present_day18": false,
        "present_day19": false,
        "present_day20": false,
        "present_day21": false,
        "present_day22": false,
        "present_day23": false,
        "present_day24": false,
        "present_day25": false,
        "present_day26": false,
        "present_day27": false,
        "present_day28": false,
        "present_day29": false,
        "present_day30": false,
        "present_day31": false
    }
},
{
    "model": "students.monthjournal",
    "pk": 25,
    "fields": {
        "student": 25,
        "date": "2017-08-01",
        "present_day1": false,
        "present_day2": false,
        "present_day3": false,
        "present_day4": false,
        "present_day5": false,
        "present_day6": false,
        "present_day7": false,
        "present_day8": false,
        "present_day9": false,
        "present_day10": true,
        "present_day11": false,
        "present_day12": false,
        "present_day13": false,
        "present_day14": false,
        "present_day15": false,
        "present_day16": false,
        "present_day17": false,
        "present_day18": false,
        "present_day19": false,
        "present_day20": false,
        "present_day21": false,
        "present_day22": false,
        "present_day23": false,
        "present_day24": false,
        "present_day25": false,
        "present_day26": false,
        "present_day27": false,
        "present_day28": false,
        "present_day29": false,
        "present_day30": false,
        "present_day31": false
    }
},
{
    "model": "students.monthjournal",
    "pk": 26,
    "fields": {
        "student": 1,
        "date": "2017-08-01",
        "present_day1": false,
        "present_day2": false,
        "present_day3": false,
        "present_day4": false,
        "present_day5": false,
        "present_day6": false,
        "present_day7": false,
        "present_day8": false,
        "present_day9": false,
        "present_day10": false,
        "present_day11": true,
        "present_day12": false,
        "present_day13": false,
        "present_day14": false,
        "present_day15": false,
        "present_day16": false,
        "present_day17": false,
        "present_day18": false,
        "present_day19": false,
        "present_day20": false,
        "present_day21": false,
        "present_day22": false,
        "present_day23": false,
        "present_day24": false,
        "present_day25": false,
        "present_day26": false,
        "present_day27": false,
        "present_day28": false,
        "present_day29": false,
        "present_day30": false,
        "present_day31": false
    }
},
{
    "model": "students.monthjournal",
    "pk": 27,
    "fields": {
        "student": 14,
        "date": "2017-08-01",
        "present_day1": false,
        "present_day2": false,
        "present_day3": false,
        "present_day4": false,
        "present_day5": false,
        "present_day6": false,
        "present_day7": false,
        "present_day8": false,
        "present_day9": false,
        "present_day10": false,
        "present_day11": false,
        "present_day12": true,
        "present_day13": false,
        "present_day14": false,
        "present_day15": false,
        "present_day16": false,
        "present_day17": false,
        "present_day18": false,
        "present_day19": false,
        "present_day20": false,
        "present_day21": false,
        "present_day22": false,
        "present_day23": false,
        "present_day24": false,
        "present_day25": false,
        "present_day26": false,
        "present_day27": false,
        "present_day28": false,
        "present_day29": false,
        "present_day30": false,
        "present_day31": false
    }
}
]
