[
{
    "model": "sessions.session",
    "pk": "7sobf1cm4iio6por021krhzar153b3u3",
    "fields": {
        "session_data": "MGM4ZjU4NWY4ZWM5NzM4MzJjOWQzNjU5OTU5NTE3NmNlNDJkYmQzZDp7Il9hdXRoX3VzZXJfaGFzaCI6ImRmNTAzMDYwOWFhMDE1NmQ2Zjk3NzU3YTY3MGUxZDc0NGY5NWE0YTkiLCJfYXV0aF91c2VyX2JhY2tlbmQiOiJkamFuZ28uY29udHJpYi5hdXRoLmJhY2tlbmRzLk1vZGVsQmFja2VuZCIsIl9hdXRoX3VzZXJfaWQiOiIxIn0=",
        "expire_date": "2016-11-14T12:49:11.160Z"
    }
},
{
    "model": "sessions.session",
    "pk": "8evdq2g2xax8em6l9xhzgc7znrg00tn6",
    "fields": {
        "session_data": "MGM4ZjU4NWY4ZWM5NzM4MzJjOWQzNjU5OTU5NTE3NmNlNDJkYmQzZDp7Il9hdXRoX3VzZXJfaGFzaCI6ImRmNTAzMDYwOWFhMDE1NmQ2Zjk3NzU3YTY3MGUxZDc0NGY5NWE0YTkiLCJfYXV0aF91c2VyX2JhY2tlbmQiOiJkamFuZ28uY29udHJpYi5hdXRoLmJhY2tlbmRzLk1vZGVsQmFja2VuZCIsIl9hdXRoX3VzZXJfaWQiOiIxIn0=",
        "expire_date": "2017-08-28T09:17:41.739Z"
    }
},
{
    "model": "sessions.session",
    "pk": "b7uvicbhftcphxevx1cut8ys55nffmaq",
    "fields": {
        "session_data": "MGM4ZjU4NWY4ZWM5NzM4MzJjOWQzNjU5OTU5NTE3NmNlNDJkYmQzZDp7Il9hdXRoX3VzZXJfaGFzaCI6ImRmNTAzMDYwOWFhMDE1NmQ2Zjk3NzU3YTY3MGUxZDc0NGY5NWE0YTkiLCJfYXV0aF91c2VyX2JhY2tlbmQiOiJkamFuZ28uY29udHJpYi5hdXRoLmJhY2tlbmRzLk1vZGVsQmFja2VuZCIsIl9hdXRoX3VzZXJfaWQiOiIxIn0=",
        "expire_date": "2016-11-28T18:50:27.272Z"
    }
},
{
    "model": "sessions.session",
    "pk": "cbf05huqlp9zylyx99k1bbqnsz5c7e1o",
    "fields": {
        "session_data": "MGM4ZjU4NWY4ZWM5NzM4MzJjOWQzNjU5OTU5NTE3NmNlNDJkYmQzZDp7Il9hdXRoX3VzZXJfaGFzaCI6ImRmNTAzMDYwOWFhMDE1NmQ2Zjk3NzU3YTY3MGUxZDc0NGY5NWE0YTkiLCJfYXV0aF91c2VyX2JhY2tlbmQiOiJkamFuZ28uY29udHJpYi5hdXRoLmJhY2tlbmRzLk1vZGVsQmFja2VuZCIsIl9hdXRoX3VzZXJfaWQiOiIxIn0=",
        "expire_date": "2016-10-30T12:42:12.763Z"
    }
},
{
    "model": "sessions.session",
    "pk": "m3jdvox3roy6hr1d6vbx8z8ih679yj3d",
    "fields": {
        "session_data": "MGM4ZjU4NWY4ZWM5NzM4MzJjOWQzNjU5OTU5NTE3NmNlNDJkYmQzZDp7Il9hdXRoX3VzZXJfaGFzaCI6ImRmNTAzMDYwOWFhMDE1NmQ2Zjk3NzU3YTY3MGUxZDc0NGY5NWE0YTkiLCJfYXV0aF91c2VyX2JhY2tlbmQiOiJkamFuZ28uY29udHJpYi5hdXRoLmJhY2tlbmRzLk1vZGVsQmFja2VuZCIsIl9hdXRoX3VzZXJfaWQiOiIxIn0=",
        "expire_date": "2017-06-01T10:09:28.831Z"
    }
},
{
    "model": "sessions.session",
    "pk": "mdxha6dlhe6qiyh0skv0o2ahlqb39ud3",
    "fields": {
        "session_data": "N2Y2MDhkNzE4YjliM2ZiZDgzOGI2ZjRlN2UxYTBlMWI2NGQyZmMyZTp7Il9sYW5ndWFnZSI6InVrIiwiX2F1dGhfdXNlcl9oYXNoIjoiZGY1MDMwNjA5YWEwMTU2ZDZmOTc3NTdhNjcwZTFkNzQ0Zjk1YTRhOSIsIl9hdXRoX3VzZXJfYmFja2VuZCI6ImRqYW5nby5jb250cmliLmF1dGguYmFja2VuZHMuTW9kZWxCYWNrZW5kIiwiX2F1dGhfdXNlcl9pZCI6IjEifQ==",
        "expire_date": "2017-09-29T11:21:36.231Z"
    }
},
{
    "model": "sessions.session",
    "pk": "o61lmbzs3k0bw3w1beylb4gsegy4l4pl",
    "fields": {
        "session_data": "MGM4ZjU4NWY4ZWM5NzM4MzJjOWQzNjU5OTU5NTE3NmNlNDJkYmQzZDp7Il9hdXRoX3VzZXJfaGFzaCI6ImRmNTAzMDYwOWFhMDE1NmQ2Zjk3NzU3YTY3MGUxZDc0NGY5NWE0YTkiLCJfYXV0aF91c2VyX2JhY2tlbmQiOiJkamFuZ28uY29udHJpYi5hdXRoLmJhY2tlbmRzLk1vZGVsQmFja2VuZCIsIl9hdXRoX3VzZXJfaWQiOiIxIn0=",
        "expire_date": "2017-08-11T06:45:05.186Z"
    }
},
{
    "model": "sessions.session",
    "pk": "p3qw0mn3gap48lib0yp0x1b6td8tkp18",
    "fields": {
        "session_data": "ZjFjOWFkYjIwOTNjODgzYTY3NzFkY2Q2MWYxODYyMDJhYmJjZjhhMDp7Il9hdXRoX3VzZXJfaGFzaCI6Ijg5Zjc0OTE3ODNiNjE5ODRhYTNmZjYwNDVmZTEzMTU0ZGIzZTE2NDgiLCJfYXV0aF91c2VyX2JhY2tlbmQiOiJkamFuZ28uY29udHJpYi5hdXRoLmJhY2tlbmRzLk1vZGVsQmFja2VuZCIsIl9hdXRoX3VzZXJfaWQiOiIxIn0=",
        "expire_date": "2016-10-24T07:04:46.415Z"
    }
},
{
    "model": "sites.site",
    "pk": 1,
    "fields": {
        "domain": "studentsdb.com",
        "name": "studentsdb.com"
    }
},
{
    "model": "students.student",
    "pk": 1,
    "fields": {
        "first_name": "\u041e\u043b\u0435\u0433",
        "first_name_en": "Oleg",
        "first_name_uk": "\u041e\u043b\u0435\u0433",
        "last_name": "\u041f\u043e\u0434\u043e\u0431\u0430",
        "last_name_en": "Podoba",
        "last_name_uk": "\u041f\u043e\u0434\u043e\u0431\u0430",
        "middle_name": "",
        "middle_name_en": "",
        "middle_name_uk": "",
        "birthday": "2016-10-10",
        "photo": "",
        "ticket": "233",
        "student_group": 1,
        "notes": "\u043f\u0440\u0438\u043c\u0456\u0442\u043a\u0430",
        "notes_en": "notes",
        "notes_uk": "\u043f\u0440\u0438\u043c\u0456\u0442\u043a\u0430"
    }
},
{
    "model": "students.student",
    "pk": 3,
    "fields": {
        "first_name": "\u041e\u043b\u044c\u0433\u0430",
        "first_name_en": "Olga",
        "first_name_uk": "\u041e\u043b\u044c\u0433\u0430",
        "last_name": "\u0411\u0430\u0440\u0434\u0430\u0447\u043e\u0432\u0430",
        "last_name_en": "Bardachova",
        "last_name_uk": "\u0411\u0430\u0440\u0434\u0430\u0447\u043e\u0432\u0430",
        "middle_name": "",
        "middle_name_en": "",
        "middle_name_uk": "",
        "birthday": "1986-11-20",
        "photo": "",
        "ticket": "235",
        "student_group": 2,
        "notes": "",
        "notes_en": "",
        "notes_uk": ""
    }
},
{
    "model": "students.student",
    "pk": 4,
    "fields": {
        "first_name": "\u0410\u0440\u0442\u0435\u043c",
        "first_name_en": "Artem",
        "first_name_uk": "\u0410\u0440\u0442\u0435\u043c",
        "last_name": "\u041c\u0430\u043a\u0430\u0440\u043e\u0432",
        "last_name_en": "Makarov",
        "last_name_uk": "\u041c\u0430\u043a\u0430\u0440\u043e\u0432",
        "middle_name": "\u0412\u0456\u043a\u0442\u043e\u0440\u043e\u0432\u0438\u0447",
        "middle_name_en": "",
        "middle_name_uk": "\u0412\u0456\u043a\u0442\u043e\u0440\u043e\u0432\u0438\u0447",
        "birthday": "1988-07-07",
        "photo": "",
        "ticket": "865",
        "student_group": 2,
        "notes": "",
        "notes_en": "",
        "notes_uk": ""
    }
},
{
    "model": "students.student",
    "pk": 5,
    "fields": {
        "first_name": "\u0412\u043b\u0430\u0434",
        "first_name_en": "Vlad",
        "first_name_uk": "\u0412\u043b\u0430\u0434",
        "last_name": "\u0413\u043e\u043b\u043e\u0432\u043a\u043e",
        "last_name_en": "Golovko",
        "last_name_uk": "\u0413\u043e\u043b\u043e\u0432\u043a\u043e",
        "middle_name": "\u041e\u043b\u0435\u043a\u0441\u0456\u0439\u043e\u0432\u0438\u0447",
        "middle_name_en": "",
        "middle_name_uk": "\u041e\u043b\u0435\u043a\u0441\u0456\u0439\u043e\u0432\u0438\u0447",
        "birthday": "1988-08-22",
        "photo": "",
        "ticket": "45",
        "student_group": 2,
        "notes": "",
        "notes_en": "",
        "notes_uk": ""
    }
},
{
    "model": "students.student",
    "pk": 6,
    "fields": {
        "first_name": "\u0412\u0456\u0442\u0430\u043b\u0456\u0439",
        "first_name_en": "Vitaliy",
        "first_name_uk": "\u0412\u0456\u0442\u0430\u043b\u0456\u0439",
        "last_name": "\u041f\u043e\u0434\u043e\u0431\u0430",
        "last_name_en": "Podoba",
        "last_name_uk": "\u041f\u043e\u0434\u043e\u0431\u0430",
        "middle_name": "",
        "middle_name_en": "",
        "middle_name_uk": "",
        "birthday": "2016-10-10",
        "photo": "piv_CQlGPL7.png",
        "ticket": "235",
        "student_group": 1,
        "notes": "",
        "notes_en": "",
        "notes_uk": ""
    }
},
{
    "model": "students.student",
    "pk": 7,
    "fields": {
        "first_name": "\u0410\u043d\u0434\u0440\u0456\u0439",
        "first_name_en": "Andriy",
        "first_name_uk": "\u0410\u043d\u0434\u0440\u0456\u0439",
        "last_name": "\u041a\u043e\u0440\u043e\u0441\u0442",
        "last_name_en": "Korost",
        "last_name_uk": "\u041a\u043e\u0440\u043e\u0441\u0442",
        "middle_name": "",
        "middle_name_en": "",
        "middle_name_uk": "",
        "birthday": "2016-10-10",
        "photo": "me_uCC37Az.jpeg",
        "ticket": "2123",
        "student_group": 1,
        "notes": "",
        "notes_en": "Note",
        "notes_uk": ""
    }
},
{
    "model": "students.student",
    "pk": 8,
    "fields": {
        "first_name": "\u0422\u0430\u0440\u0430\u0441",
        "first_name_en": "Taras",
        "first_name_uk": "\u0422\u0430\u0440\u0430\u0441",
        "last_name": "\u041f\u0440\u0438\u0442\u0443\u043b\u0430",
        "last_name_en": "Prytula",
        "last_name_uk": "\u041f\u0440\u0438\u0442\u0443\u043b\u0430",
        "middle_name": "",
        "middle_name_en": "",
        "middle_name_uk": "",
        "birthday": "2016-10-10",
        "photo": "podoba3_PwmXkXB.jpg",
        "ticket": "5352",
        "student_group": 1,
        "notes": "",
        "notes_en": "",
        "notes_uk": ""
    }
},
{
    "model": "students.student",
    "pk": 9,
    "fields": {
        "first_name": "\u0410\u043d\u0430\u0441\u0442\u0430\u0441\u0456\u044f",
        "first_name_en": "Anastasia",
        "first_name_uk": "\u0410\u043d\u0430\u0441\u0442\u0430\u0441\u0456\u044f",
        "last_name": "\u041a\u0430\u0440\u043f\u0435\u043d\u043a\u043e",
        "last_name_en": "Karpenko",
        "last_name_uk": "\u041a\u0430\u0440\u043f\u0435\u043d\u043a\u043e",
        "middle_name": "",
        "middle_name_en": "",
        "middle_name_uk": "",
        "birthday": "2016-10-21",
        "photo": "",
        "ticket": "76",
        "student_group": 3,
        "notes": "",
        "notes_en": "",
        "notes_uk": ""
    }
},
{
    "model": "students.student",
    "pk": 10,
    "fields": {
        "first_name": "\u0421\u0435\u0440\u0433\u0456\u0439",
        "first_name_en": "Sergiy",
        "first_name_uk": "\u0421\u0435\u0440\u0433\u0456\u0439",
        "last_name": "\u0421\u0435\u0440\u0435\u0434\u0430",
        "last_name_en": "Sereda",
        "last_name_uk": "\u0421\u0435\u0440\u0435\u0434\u0430",
        "middle_name": "\u0412\u0430\u043b\u0435\u0440\u0456\u0439\u043e\u0432\u0438\u0447",
        "middle_name_en": "",
        "middle_name_uk": "\u0412\u0430\u043b\u0435\u0440\u0456\u0439\u043e\u0432\u0438\u0447",
        "birthday": "1987-01-16",
        "photo": "IMG_0648.JPG",
        "ticket": "5352",
        "student_group": 2,
        "notes": "",
        "notes_en": "",
        "notes_uk": ""
    }
},
{
    "model": "students.student",
    "pk": 11,
    "fields": {
        "first_name": "\u0410\u043d\u0434\u0440\u0456\u0439",
        "first_name_en": "Andriy",
        "first_name_uk": "\u0410\u043d\u0434\u0440\u0456\u0439",
        "last_name": "\u0413\u0443\u043c\u0435\u043d\u044e\u043a",
        "last_name_en": "Gumenyuk",
        "last_name_uk": "\u0413\u0443\u043c\u0435\u043d\u044e\u043a",
        "middle_name": "",
        "middle_name_en": "",
        "middle_name_uk": "",
        "birthday": "1987-10-13",
        "photo": "",
        "ticket": "7654",
        "student_group": 2,
        "notes": "",
        "notes_en": "",
        "notes_uk": ""
    }
},
{
    "model": "students.student",
    "pk": 12,
    "fields": {
        "first_name": "\u041a\u0430\u0442\u0435\u0440\u0438\u043d\u0430",
        "first_name_en": "Kateryna",
        "first_name_uk": "\u041a\u0430\u0442\u0435\u0440\u0438\u043d\u0430",
        "last_name": "\u041c\u0456\u0449\u0435\u043d\u043a\u043e",
        "last_name_en": "Mishchenko",
        "last_name_uk": "\u041c\u0456\u0449\u0435\u043d\u043a\u043e",
        "middle_name": "\u0421\u0435\u0440\u0433\u0456\u0457\u0432\u043d\u0430",
        "middle_name_en": "",
        "middle_name_uk": "\u0421\u0435\u0440\u0433\u0456\u0457\u0432\u043d\u0430",
        "birthday": "1989-06-17",
        "photo": "",
        "ticket": "987",
        "student_group": 6,
        "notes": "",
        "notes_en": "",
        "notes_uk": ""
    }
},
{
    "model": "students.student",
    "pk": 13,
    "fields": {
        "first_name": "\u0410\u043d\u043d\u0430",
        "first_name_en": "Anna",
        "first_name_uk": "\u0410\u043d\u043d\u0430",
        "last_name": "\u0406\u0432\u0430\u043d\u0438\u0448\u0438\u043d\u0430",
        "last_name_en": "Ivanishina",
        "last_name_uk": "\u0406\u0432\u0430\u043d\u0438\u0448\u0438\u043d\u0430",
        "middle_name": "\u0412\u0456\u043a\u0442\u043e\u0440\u0456\u0432\u043d\u0430",
        "middle_name_en": "",
        "middle_name_uk": "\u0412\u0456\u043a\u0442\u043e\u0440\u0456\u0432\u043d\u0430",
        "birthday": "1988-06-02",
        "photo": "",
        "ticket": "8765",
        "student_group": 2,
        "notes": "",
        "notes_en": "",
        "notes_uk": ""
    }
},
{
    "model": "students.student",
    "pk": 14,
    "fields": {
        "first_name": "\u0421\u0435\u0440\u0433\u0456\u0439",
        "first_name_en": "Sergiy",
        "first_name_uk": "\u0421\u0435\u0440\u0433\u0456\u0439",
        "last_name": "\u0412\u043e\u0432\u043a",
        "last_name_en": "Vovk",
        "last_name_uk": "\u0412\u043e\u0432\u043a",
        "middle_name": "\u0421\u0435\u0440\u0433\u0456\u0439\u043e\u0432\u0438\u0447",
        "middle_name_en": "",
        "middle_name_uk": "\u0421\u0435\u0440\u0433\u0456\u0439\u043e\u0432\u0438\u0447",
        "birthday": "1987-10-10",
        "photo": "",
        "ticket": "579",
        "student_group": 2,
        "notes": "",
        "notes_en": "",
        "notes_uk": ""
    }
},
{
    "model": "students.student",
    "pk": 16,
    "fields": {
        "first_name": "\u042e\u043b\u0456\u044f",
        "first_name_en": "Yuliya",
        "first_name_uk": "\u042e\u043b\u0456\u044f",
        "last_name": "\u0425\u0430\u0440\u043b\u0430\u043c\u043e\u0432\u0430",
        "last_name_en": "Harlamova",
        "last_name_uk": "\u0425\u0430\u0440\u043b\u0430\u043c\u043e\u0432\u0430",
        "middle_name": "",
        "middle_name_en": "",
        "middle_name_uk": "",
        "birthday": "1987-01-16",
        "photo": "",
        "ticket": "35467",
        "student_group": 2,
        "notes": "",
        "notes_en": "",
        "notes_uk": ""
    }
},
{
    "model": "students.student",
    "pk": 17,
    "fields": {
        "first_name": "\u043c\u043c",
        "first_name_en": "mm",
        "first_name_uk": "\u043c\u043c",
        "last_name": "\u0456\u0456\u0440\u0440",
        "last_name_en": "iipp",
        "last_name_uk": "\u0456\u0456\u0440\u0440",
        "middle_name": "",
        "middle_name_en": "",
        "middle_name_uk": "",
        "birthday": "1987-01-15",
        "photo": "",
        "ticket": "12",
        "student_group": 4,
        "notes": "",
        "notes_en": "",
        "notes_uk": ""
    }
},
{
    "model": "students.student",
    "pk": 18,
    "fields": {
        "first_name": "\u043b\u043b",
        "first_name_en": "ll",
        "first_name_uk": "\u043b\u043b",
        "last_name": "\u0446\u0446",
        "last_name_en": "tsts",
        "last_name_uk": "\u0446\u0446",
        "middle_name": "",
        "middle_name_en": "",
        "middle_name_uk": "",
        "birthday": "1987-04-24",
        "photo": "",
        "ticket": "345",
        "student_group": 2,
        "notes": "",
        "notes_en": "",
        "notes_uk": ""
    }
},
{
    "model": "students.student",
    "pk": 21,
    "fields": {
        "first_name": "\u041f\u0435\u0442\u0440\u043e",
        "first_name_en": "Petro",
        "first_name_uk": "\u041f\u0435\u0442\u0440\u043e",
        "last_name": "\u0406\u0432\u0430\u043d\u043e\u0432",
        "last_name_en": "Ivanov",
        "last_name_uk": "\u0406\u0432\u0430\u043d\u043e\u0432",
        "middle_name": "\u0421\u0435\u0440\u0433\u0456\u0439\u043e\u0432\u0438\u0447",
        "middle_name_en": "",
        "middle_name_uk": "\u0421\u0435\u0440\u0433\u0456\u0439\u043e\u0432\u0438\u0447",
        "birthday": "1987-01-15",
        "photo": "",
        "ticket": "9860",
        "student_group": 3,
        "notes": "",
        "notes_en": "",
        "notes_uk": ""
    }
},
{
    "model": "students.student",
    "pk": 22,
    "fields": {
        "first_name": "\u0420\u043e\u043c\u0430\u043d",
        "first_name_en": "Roman",
        "first_name_uk": "\u0420\u043e\u043c\u0430\u043d",
        "last_name": "\u0410\u043a\u0443\u043b\u043e\u0432",
        "last_name_en": "Akulov",
        "last_name_uk": "\u0410\u043a\u0443\u043b\u043e\u0432",
        "middle_name": "",
        "middle_name_en": "",
        "middle_name_uk": "",
        "birthday": "1986-06-12",
        "photo": "",
        "ticket": "967",
        "student_group": 3,
        "notes": "",
        "notes_en": "",
        "notes_uk": ""
    }
},
{
    "model": "students.student",
    "pk": 23,
    "fields": {
        "first_name": "\u0421\u0442\u0443\u0434\u0435\u043d\u0442",
        "first_name_en": "Student",
        "first_name_uk": "\u0421\u0442\u0443\u0434\u0435\u043d\u0442",
        "last_name": "\u0411\u0430\u0431\u0435\u043d\u043a\u043e",
        "last_name_en": "Babenko",
        "last_name_uk": "\u0411\u0430\u0431\u0435\u043d\u043a\u043e",
        "middle_name": "",
        "middle_name_en": "",
        "middle_name_uk": "",
        "birthday": "1987-12-20",
        "photo": "",
        "ticket": "78",
        "student_group": 3,
        "notes": "",
        "notes_en": "",
        "notes_uk": ""
    }
},
{
    "model": "students.student",
    "pk": 24,
    "fields": {
        "first_name": "\u0421\u0442\u0443\u0434\u0435\u043d\u0442",
        "first_name_en": "Student",
        "first_name_uk": "\u0421\u0442\u0443\u0434\u0435\u043d\u0442",
        "last_name": "\u0422\u0435\u0441\u0442\u043e\u0432\u0438\u0439",
        "last_name_en": "Test",
        "last_name_uk": "\u0422\u0435\u0441\u0442\u043e\u0432\u0438\u0439",
        "middle_name": "",
        "middle_name_en": "",
        "middle_name_uk": "",
        "birthday": "1987-01-15",
        "photo": "",
        "ticket": "7oi8io",
        "student_group": 3,
        "notes": "",
        "notes_en": "",
        "notes_uk": ""
    }
},
{
    "model": "students.student",
    "pk": 25,
    "fields": {
        "first_name": "\u041d\u0430\u0442\u0430\u043b\u0456\u044f",
        "first_name_en": "Nataliya",
        "first_name_uk": "\u041d\u0430\u0442\u0430\u043b\u0456\u044f",
        "last_name": "\u041f\u0456\u043c\u0430\u043d\u043a\u043e\u0432\u0430",
        "last_name_en": "Pimankova",
        "last_name_uk": "\u041f\u0456\u043c\u0430\u043d\u043a\u043e\u0432\u0430",
        "middle_name": "",
        "middle_name_en": "",
        "middle_name_uk": "",
        "birthday": "1987-04-24",
        "photo": "",
        "ticket": "92478",
        "student_group": 2,
        "notes": "",
        "notes_en": "",
        "notes_uk": ""
    }
},
{
    "model": "students.student",
    "pk": 27,
    "fields": {
        "first_name": "\u0406\u0440\u0438\u043d\u0430",
        "first_name_en": "Irina",
        "first_name_uk": "\u0406\u0440\u0438\u043d\u0430",
        "last_name": "\u0421\u0430\u0432\u0447\u0435\u043d\u043a\u043e",
        "last_name_en": "Savchenko",
        "last_name_uk": "\u0421\u0430\u0432\u0447\u0435\u043d\u043a\u043e",
        "middle_name": "",
        "middle_name_en": "",
        "middle_name_uk": "",
        "birthday": "1985-09-18",
        "photo": "",
        "ticket": "53774",
        "student_group": 4,
        "notes": "",
        "notes_en": "",
        "notes_uk": ""
    }
},
{
    "model": "students.student",
    "pk": 29,
    "fields": {
        "first_name": "\u041e\u043b\u0435\u043a\u0441\u0456\u0439",
        "first_name_en": "Olexiy",
        "first_name_uk": "\u041e\u043b\u0435\u043a\u0441\u0456\u0439",
        "last_name": "\u041b\u0430\u043d\u0447\u043a\u043e\u0432\u0441\u044c\u043a\u0438\u0439",
        "last_name_en": "Lanchkovskiy",
        "last_name_uk": "\u041b\u0430\u043d\u0447\u043a\u043e\u0432\u0441\u044c\u043a\u0438\u0439",
        "middle_name": "",
        "middle_name_en": "",
        "middle_name_uk": "",
        "birthday": "1987-06-05",
        "photo": "",
        "ticket": "123534",
        "student_group": 2,
        "notes": "",
        "notes_en": "",
        "notes_uk": ""
    }
},
{
    "model": "students.group",
    "pk": 1,
    "fields": {
        "title": "MTM",
        "leader": 6,
        "notes": ""
    }
},
{
    "model": "students.group",
    "pk": 2,
    "fields": {
        "title": "\u0406-05",
        "leader": 18,
        "notes": ""
    }
},
{
    "model": "students.group",
    "pk": 3,
    "fields": {
        "title": "\u041d\u0410\u0424-05-1",
        "leader": 9,
        "notes": ""
    }
},
{
    "model": "students.group",
    "pk": 4,
    "fields": {
        "title": "MI-05-1",
        "leader": 17,
        "notes": ""
    }
},
{
    "model": "students.group",
    "pk": 6,
    "fields": {
        "title": "dd",
        "leader": 12,
        "notes": ""
    }
},
{
    "model": "students.group",
    "pk": 7,
    "fields": {
        "title": "aass",
        "leader": null,
        "notes": ""
    }
},
{
    "model": "students.exam",
    "pk": 1,
    "fields": {
        "title": "\u0427\u0438\u0441\u043b\u0435\u043d\u043d\u044b\u0435 \u043c\u0435\u0442\u043e\u0434\u044b",
        "date": "2016-10-21T09:00:00Z",
        "teacher": "\u041f\u0435\u0442\u0440\u043e\u0432 \u0412.\u0412",
        "group": 1,
        "notes": ""
    }
},
{
    "model": "students.exam",
    "pk": 2,
    "fields": {
        "title": "\u041c\u0430\u0442\u0435\u043c\u0430\u0442\u0438\u0447\u0435\u0441\u043a\u0438\u0439 \u0430\u043d\u0430\u043b\u0438\u0437",
        "date": "2016-10-20T09:00:00Z",
        "teacher": "\u041a\u043e\u0440\u043e\u043b\u044c\u0441\u043a\u0438\u0439 \u0412. \u0410.",
        "group": 2,
        "notes": ""
    }
},
{
    "model": "students.exam",
    "pk": 3,
    "fields": {
        "title": "\u0410\u043d\u0433\u043b\u0456\u0439\u0441\u044c\u043a\u0430 \u043c\u043e\u0432\u0430. \u0413\u0440\u0430\u043c\u0430\u0442\u0438\u043a\u0430",
        "date": "2016-10-22T12:00:00Z",
        "teacher": "\u0406\u0432\u0430\u043d\u043e\u0432\u0430 \u041b. \u041f.",
        "group": 3,
        "notes": ""
    }
},
{
    "model": "students.exam",
    "pk": 4,
    "fields": {
        "title": "\u041f\u0440\u043e\u0433\u0440\u0430\u043c\u0443\u0432\u0430\u043d\u043d\u044f",
        "date": "2016-10-20T00:00:00Z",
        "teacher": "\u041c\u043e\u0456\u0441\u0435\u0454\u043d\u043a\u043e \u041d.\u0412.",
        "group": 2,
        "notes": ""
    }
},
{
    "model": "students.result",
    "pk": 1,
    "fields": {
        "grade": 4.0,
        "exam": 2,
        "group": 2,
        "student": 4
    }
},
{
    "model": "students.result",
    "pk": 2,
    "fields": {
        "grade": 5.0,
        "exam": 3,
        "group": 3,
        "student": 9
    }
},
{
    "model": "students.result",
    "pk": 3,
    "fields": {
        "grade": 4.0,
        "exam": 3,
        "group": 3,
        "student": 23
    }
},
{
    "model": "students.result",
    "pk": 4,
    "fields": {
        "grade": 5.0,
        "exam": 1,
        "group": 1,
        "student": 6
    }
},
{
    "model": "students.result",
    "pk": 5,
    "fields": {
        "grade": 5.0,
        "exam": 1,
        "group": 1,
        "student": 8
    }
},
{
    "model": "students.result",
    "pk": 6,
    "fields": {
        "grade": 5.0,
        "exam": 1,
        "group": 1,
        "student": 7
    }
},
{
    "model": "students.result",
    "pk": 7,
    "fields": {
        "grade": 4.0,
        "exam": 3,
        "group": 3,
        "student": 21
    }
},
{
    "model": "students.result",
    "pk": 8,
    "fields": {
        "grade": 3.0,
        "exam": 3,
        "group": 3,
        "student": 22
    }
},
{
    "model": "students.result",
    "pk": 9,
    "fields": {
        "grade": 4.3,
        "exam": 3,
        "group": 3,
        "student": 21
    }
},
{
    "model": "students.monthjournal",
    "pk": 1,
    "fields": {
        "student": 24,
        "date": "2017-05-01",
        "present_day1": false,
        "present_day2": false,
        "present_day3": false,
        "present_day4": false,
        "present_day5": false,
        "present_day6": false,
        "present_day7": false,
        "present_day8": false,
        "present_day9": false,
        "present_day10": false,
        "present_day11": false,
        "present_day12": false,
        "present_day13": false,
        "present_day14": true,
        "present_day15": false,
        "present_day16": false,
        "present_day17": true,
        "present_day18": false,
        "present_day19": false,
        "present_day20": false,
        "present_day21": false,
        "present_day22": false,
        "present_day23": false,
        "present_day24": false,
        "present_day25": false,
        "present_day26": false,
        "present_day27": false,
        "present_day28": false,
        "present_day29": false,
        "present_day30": false,
        "present_day31": false
    }
},
{
    "model": "students.monthjournal",
    "pk": 2,
    "fields": {
        "student": 22,
        "date": "2017-05-01",
        "present_day1": false,
        "present_day2": false,
        "present_day3": false,
        "present_day4": false,
        "present_day5": false,
        "present_day6": false,
        "present_day7": false,
        "present_day8": false,
        "present_day9": false,
        "present_day10": false,
        "present_day11": false,
        "present_day12": false,
        "present_day13": false,
        "present_day14": true,
        "present_day15": false,
        "present_day16": false,
        "present_day17": true,
        "present_day18": false,
        "present_day19": false,
        "present_day20": false,
        "present_day21": false,
        "present_day22": false,
        "present_day23": false,
        "present_day24": false,
        "present_day25": false,
        "present_day26": false,
        "present_day27": false,
        "present_day28": false,
        "present_day29": false,
        "present_day30": false,
        "present_day31": false
    }
},
{
    "model": "students.monthjournal",
    "pk": 3,
    "fields": {
        "student": 23,
        "date": "2017-05-01",
        "present_day1": false,
        "present_day2": false,
        "present_day3": false,
        "present_day4": false,
        "present_day5": false,
        "present_day6": false,
        "present_day7": false,
        "present_day8": false,
        "present_day9": false,
        "present_day10": false,
        "present_day11": false,
        "present_day12": false,
        "present_day13": false,
        "present_day14": false,
        "present_day15": false,
        "present_day16": false,
        "present_day17": true,
        "present_day18": false,
        "present_day19": false,
        "present_day20": false,
        "present_day21": false,
        "present_day22": false,
        "present_day23": false,
        "present_day24": false,
        "present_day25": false,
        "present_day26": false,
        "present_day27": false,
        "present_day28": false,
        "present_day29": false,
        "present_day30": false,
        "present_day31": false
    }
},
{
    "model": "students.monthjournal",
    "pk": 4,
    "fields": {
        "student": 21,
        "date": "2017-05-01",
        "present_day1": false,
        "present_day2": false,
        "present_day3": false,
        "present_day4": false,
        "present_day5": false,
        "present_day6": false,
        "present_day7": false,
        "present_day8": false,
        "present_day9": false,
        "present_day10": false,
        "present_day11": false,
        "present_day12": false,
        "present_day13": false,
        "present_day14": false,
        "present_day15": false,
        "present_day16": false,
        "present_day17": true,
        "present_day18": false,
        "present_day19": false,
        "present_day20": false,
        "present_day21": false,
        "present_day22": false,
        "present_day23": false,
        "present_day24": false,
        "present_day25": false,
        "present_day26": false,
        "present_day27": false,
        "present_day28": false,
        "present_day29": false,
        "present_day30": false,
        "present_day31": false
    }
},
{
    "model": "students.monthjournal",
    "pk": 5,
    "fields": {
        "student": 25,
        "date": "2017-05-01",
        "present_day1": false,
        "present_day2": false,
        "present_day3": false,
        "present_day4": false,
        "present_day5": false,
        "present_day6": false,
        "present_day7": false,
        "present_day8": false,
        "present_day9": false,
        "present_day10": false,
        "present_day11": false,
        "present_day12": false,
        "present_day13": false,
        "present_day14": false,
        "present_day15": false,
        "present_day16": false,
        "present_day17": true,
        "present_day18": false,
        "present_day19": false,
        "present_day20": false,
        "present_day21": false,
        "present_day22": false,
        "present_day23": false,
        "present_day24": false,
        "present_day25": false,
        "present_day26": false,
        "present_day27": false,
        "present_day28": false,
        "present_day29": false,
        "present_day30": false,
        "present_day31": false
    }
},
{
    "model": "students.monthjournal",
    "pk": 6,
    "fields": {
        "student": 1,
        "date": "2017-05-01",
        "present_day1": false,
        "present_day2": false,
        "present_day3": false,
        "present_day4": false,
        "present_day5": false,
        "present_day6": false,
        "present_day7": false,
        "present_day8": false,
        "present_day9": false,
        "present_day10": false,
        "present_day11": false,
        "present_day12": false,
        "present_day13": false,
        "present_day14": false,
        "present_day15": false,
        "present_day16": false,
        "present_day17": true,
        "present_day18": false,
        "present_day19": false,
        "present_day20": false,
        "present_day21": false,
        "present_day22": false,
        "present_day23": false,
        "present_day24": false,
        "present_day25": false,
        "present_day26": false,
        "present_day27": false,
        "present_day28": false,
        "present_day29": false,
        "present_day30": false,
        "present_day31": false
    }
},
{
    "model": "students.monthjournal",
    "pk": 7,
    "fields": {
        "student": 14,
        "date": "2017-05-01",
        "present_day1": false,
        "present_day2": false,
        "present_day3": false,
        "present_day4": false,
        "present_day5": false,
        "present_day6": false,
        "present_day7": false,
        "present_day8": false,
        "present_day9": false,
        "present_day10": false,
        "present_day11": false,
        "present_day12": false,
        "present_day13": false,
        "present_day14": false,
        "present_day15": false,
        "present_day16": false,
        "present_day17": true,
        "present_day18": false,
        "present_day19": false,
        "present_day20": false,
        "present_day21": false,
        "present_day22": false,
        "present_day23": false,
        "present_day24": false,
        "present_day25": false,
        "present_day26": false,
        "present_day27": false,
        "present_day28": false,
        "present_day29": false,
        "present_day30": false,
        "present_day31": false
    }
},
{
    "model": "students.monthjournal",
    "pk": 8,
    "fields": {
        "student": 5,
        "date": "2017-05-01",
        "present_day1": false,
        "present_day2": false,
        "present_day3": false,
        "present_day4": false,
        "present_day5": false,
        "present_day6": false,
        "present_day7": false,
        "present_day8": false,
        "present_day9": false,
        "present_day10": false,
        "present_day11": false,
        "present_day12": false,
        "present_day13": false,
        "present_day14": false,
        "present_day15": false,
        "present_day16": false,
        "present_day17": true,
        "present_day18": false,
        "present_day19": false,
        "present_day20": false,
        "present_day21": false,
        "present_day22": false,
        "present_day23": false,
        "present_day24": false,
        "present_day25": false,
        "present_day26": false,
        "present_day27": false,
        "present_day28": false,
        "present_day29": false,
        "present_day30": false,
        "present_day31": false
    }
},
{
    "model": "students.monthjournal",
    "pk": 9,
    "fields": {
        "student": 11,
        "date": "2017-05-01",
        "present_day1": false,
        "present_day2": false,
        "present_day3": false,
        "present_day4": false,
        "present_day5": false,
        "present_day6": false,
        "present_day7": false,
        "present_day8": false,
        "present_day9": false,
        "present_day10": false,
        "present_day11": false,
        "present_day12": false,
        "present_day13": false,
        "present_day14": false,
        "present_day15": false,
        "present_day16": false,
        "present_day17": true,
        "present_day18": false,
        "present_day19": false,
        "present_day20": false,
        "present_day21": false,
        "present_day22": false,
        "present_day23": false,
        "present_day24": false,
        "present_day25": false,
        "present_day26": false,
        "present_day27": false,
        "present_day28": false,
        "present_day29": false,
        "present_day30": false,
        "present_day31": false
    }
},
{
    "model": "students.monthjournal",
    "pk": 10,
    "fields": {
        "student": 13,
        "date": "2017-05-01",
        "present_day1": false,
        "present_day2": false,
        "present_day3": false,
        "present_day4": false,
        "present_day5": false,
        "present_day6": false,
        "present_day7": false,
        "present_day8": false,
        "present_day9": false,
        "present_day10": false,
        "present_day11": false,
        "present_day12": false,
        "present_day13": false,
        "present_day14": false,
        "present_day15": false,
        "present_day16": false,
        "present_day17": true,
        "present_day18": false,
        "present_day19": false,
        "present_day20": false,
        "present_day21": false,
        "present_day22": false,
        "present_day23": false,
        "present_day24": false,
        "present_day25": false,
        "present_day26": false,
        "present_day27": false,
        "present_day28": false,
        "present_day29": false,
        "present_day30": false,
        "present_day31": false
    }
},
{
    "model": "students.monthjournal",
    "pk": 11,
    "fields": {
        "student": 25,
        "date": "2017-06-01",
        "present_day1": true,
        "present_day2": true,
        "present_day3": true,
        "present_day4": true,
        "present_day5": true,
        "present_day6": false,
        "present_day7": false,
        "present_day8": false,
        "present_day9": false,
        "present_day10": false,
        "present_day11": false,
        "present_day12": false,
        "present_day13": false,
        "present_day14": false,
        "present_day15": false,
        "present_day16": false,
        "present_day17": false,
        "present_day18": false,
        "present_day19": false,
        "present_day20": false,
        "present_day21": false,
        "present_day22": false,
        "present_day23": false,
        "present_day24": false,
        "present_day25": false,
        "present_day26": false,
        "present_day27": false,
        "present_day28": false,
        "present_day29": false,
        "present_day30": false,
        "present_day31": false
    }
},
{
    "model": "students.monthjournal",
    "pk": 12,
    "fields": {
        "student": 24,
        "date": "2017-07-01",
        "present_day1": false,
        "present_day2": false,
        "present_day3": true,
        "present_day4": false,
        "present_day5": false,
        "present_day6": false,
        "present_day7": false,
        "present_day8": false,
        "present_day9": false,
        "present_day10": false,
        "present_day11": false,
        "present_day12": false,
        "present_day13": false,
        "present_day14": false,
        "present_day15": false,
        "present_day16": false,
        "present_day17": false,
        "present_day18": false,
        "present_day19": false,
        "present_day20": false,
        "present_day21": false,
        "present_day22": false,
        "present_day23": false,
        "present_day24": false,
        "present_day25": false,
        "present_day26": false,
        "present_day27": false,
        "present_day28": false,
        "present_day29": false,
        "present_day30": false,
        "present_day31": false
    }
},
{
    "model": "students.monthjournal",
    "pk": 13,
    "fields": {
        "student": 22,
        "date": "2017-07-01",
        "present_day1": false,
        "present_day2": false,
        "present_day3": true,
        "present_day4": false,
        "present_day5": false,
        "present_day6": true,
        "present_day7": false,
        "present_day8": false,
        "present_day9": false,
        "present_day10": false,
        "present_day11": false,
        "present_day12": false,
        "present_day13": false,
        "present_day14": false,
        "present_day15": false,
        "present_day16": false,
        "present_day17": false,
        "present_day18": false,
        "present_day19": false,
        "present_day20": false,
        "present_day21": false,
        "present_day22": false,
        "present_day23": false,
        "present_day24": false,
        "present_day25": false,
        "present_day26": false,
        "present_day27": false,
        "present_day28": false,
        "present_day29": false,
        "present_day30": false,
        "present_day31": false
    }
},
{
    "model": "students.monthjournal",
    "pk": 14,
    "fields": {
        "student": 23,
        "date": "2017-07-01",
        "present_day1": false,
        "present_day2": false,
        "present_day3": true,
        "present_day4": false,
        "present_day5": false,
        "present_day6": false,
        "present_day7": false,
        "present_day8": false,
        "present_day9": false,
        "present_day10": false,
        "present_day11": true,
        "present_day12": false,
        "present_day13": false,
        "present_day14": false,
        "present_day15": false,
        "present_day16": false,
        "present_day17": false,
        "present_day18": false,
        "present_day19": false,
        "present_day20": false,
        "present_day21": false,
        "present_day22": false,
        "present_day23": false,
        "present_day24": false,
        "present_day25": false,
        "present_day26": false,
        "present_day27": false,
        "present_day28": false,
        "present_day29": false,
        "present_day30": false,
        "present_day31": false
    }
},
{
    "model": "students.monthjournal",
    "pk": 15,
    "fields": {
        "student": 21,
        "date": "2017-07-01",
        "present_day1": true,
        "present_day2": true,
        "present_day3": true,
        "present_day4": false,
        "present_day5": false,
        "present_day6": false,
        "present_day7": false,
        "present_day8": false,
        "present_day9": false,
        "present_day10": false,
        "present_day11": false,
        "present_day12": false,
        "present_day13": false,
        "present_day14": false,
        "present_day15": false,
        "present_day16": false,
        "present_day17": false,
        "present_day18": false,
        "present_day19": false,
        "present_day20": false,
        "present_day21": false,
        "present_day22": false,
        "present_day23": false,
        "present_day24": false,
        "present_day25": false,
        "present_day26": false,
        "present_day27": false,
        "present_day28": false,
        "present_day29": false,
        "present_day30": false,
        "present_day31": false
    }
},
{
    "model": "students.monthjournal",
    "pk": 16,
    "fields": {
        "student": 25,
        "date": "2017-07-01",
        "present_day1": false,
        "present_day2": false,
        "present_day3": true,
        "present_day4": false,
        "present_day5": false,
        "present_day6": false,
        "present_day7": false,
        "present_day8": false,
        "present_day9": false,
        "present_day10": false,
        "present_day11": false,
        "present_day12": false,
        "present_day13": false,
        "present_day14": false,
        "present_day15": false,
        "present_day16": false,
        "present_day17": false,
        "present_day18": false,
        "present_day19": false,
        "present_day20": false,
        "present_day21": false,
        "present_day22": false,
        "present_day23": false,
        "present_day24": false,
        "present_day25": false,
        "present_day26": false,
        "present_day27": false,
        "present_day28": false,
        "present_day29": false,
        "present_day30": false,
        "present_day31": false
    }
},
{
    "model": "students.monthjournal",
    "pk": 17,
    "fields": {
        "student": 1,
        "date": "2017-07-01",
        "present_day1": false,
        "present_day2": false,
        "present_day3": true,
        "present_day4": false,
        "present_day5": false,
        "present_day6": false,
        "present_day7": false,
        "present_day8": false,
        "present_day9": false,
        "present_day10": false,
        "present_day11": false,
        "present_day12": false,
        "present_day13": false,
        "present_day14": false,
        "present_day15": false,
        "present_day16": false,
        "present_day17": false,
        "present_day18": false,
        "present_day19": false,
        "present_day20": false,
        "present_day21": false,
        "present_day22": false,
        "present_day23": false,
        "present_day24": false,
        "present_day25": false,
        "present_day26": false,
        "present_day27": false,
        "present_day28": false,
        "present_day29": false,
        "present_day30": false,
        "present_day31": false
    }
},
{
    "model": "students.monthjournal",
    "pk": 18,
    "fields": {
        "student": 14,
        "date": "2017-07-01",
        "present_day1": false,
        "present_day2": false,
        "present_day3": true,
        "present_day4": false,
        "present_day5": false,
        "present_day6": false,
        "present_day7": false,
        "present_day8": false,
        "present_day9": false,
        "present_day10": false,
        "present_day11": false,
        "present_day12": false,
        "present_day13": false,
        "present_day14": false,
        "present_day15": false,
        "present_day16": false,
        "present_day17": false,
        "present_day18": false,
        "present_day19": false,
        "present_day20": false,
        "present_day21": false,
        "present_day22": false,
        "present_day23": false,
        "present_day24": false,
        "present_day25": false,
        "present_day26": false,
        "present_day27": false,
        "present_day28": false,
        "present_day29": false,
        "present_day30": false,
        "present_day31": false
    }
},
{
    "model": "students.monthjournal",
    "pk": 19,
    "fields": {
        "student": 5,
        "date": "2017-07-01",
        "present_day1": false,
        "present_day2": false,
        "present_day3": true,
        "present_day4": false,
        "present_day5": false,
        "present_day6": false,
        "present_day7": false,
        "present_day8": false,
        "present_day9": false,
        "present_day10": false,
        "present_day11": false,
        "present_day12": false,
        "present_day13": false,
        "present_day14": false,
        "present_day15": false,
        "present_day16": false,
        "present_day17": false,
        "present_day18": false,
        "present_day19": false,
        "present_day20": false,
        "present_day21": false,
        "present_day22": false,
        "present_day23": false,
        "present_day24": false,
        "present_day25": false,
        "present_day26": false,
        "present_day27": false,
        "present_day28": false,
        "present_day29": false,
        "present_day30": false,
        "present_day31": false
    }
},
{
    "model": "students.monthjournal",
    "pk": 20,
    "fields": {
        "student": 11,
        "date": "2017-07-01",
        "present_day1": false,
        "present_day2": false,
        "present_day3": true,
        "present_day4": false,
        "present_day5": false,
        "present_day6": false,
        "present_day7": false,
        "present_day8": false,
        "present_day9": false,
        "present_day10": false,
        "present_day11": false,
        "present_day12": false,
        "present_day13": false,
        "present_day14": false,
        "present_day15": false,
        "present_day16": false,
        "present_day17": false,
        "present_day18": false,
        "present_day19": false,
        "present_day20": false,
        "present_day21": false,
        "present_day22": false,
        "present_day23": false,
        "present_day24": false,
        "present_day25": false,
        "present_day26": false,
        "present_day27": false,
        "present_day28": false,
        "present_day29": false,
        "present_day30": false,
        "present_day31": false
    }
},
{
    "model": "students.monthjournal",
    "pk": 21,
    "fields": {
        "student": 13,
        "date": "2017-07-01",
        "present_day1": false,
        "present_day2": false,
        "present_day3": true,
        "present_day4": false,
        "present_day5": false,
        "present_day6": false,
        "present_day7": false,
        "present_day8": false,
        "present_day9": false,
        "present_day10": false,
        "present_day11": false,
        "present_day12": false,
        "present_day13": false,
        "present_day14": false,
        "present_day15": false,
        "present_day16": false,
        "present_day17": false,
        "present_day18": false,
        "present_day19": false,
        "present_day20": false,
        "present_day21": false,
        "present_day22": false,
        "present_day23": false,
        "present_day24": false,
        "present_day25": false,
        "present_day26": false,
        "present_day27": false,
        "present_day28": false,
        "present_day29": false,
        "present_day30": false,
        "present_day31": false
    }
},
{
    "model": "students.monthjournal",
    "pk": 22,
    "fields": {
        "student": 22,
        "date": "2017-08-01",
        "present_day1": false,
        "present_day2": false,
        "present_day3": false,
        "present_day4": false,
        "present_day5": false,
        "present_day6": false,
        "present_day7": true,
        "present_day8": false,
        "present_day9": false,
        "present_day10": false,
        "present_day11": false,
        "present_day12": false,
        "present_day13": false,
        "present_day14": false,
        "present_day15": false,
        "present_day16": false,
        "present_day17": false,
        "present_day18": false,
        "present_day19": false,
        "present_day20": false,
        "present_day21": false,
        "present_day22": false,
        "present_day23": false,
        "present_day24": false,
        "present_day25": false,
        "present_day26": false,
        "present_day27": false,
        "present_day28": false,
        "present_day29": false,
        "present_day30": false,
        "present_day31": false
    }
},
{
    "model": "students.monthjournal",
    "pk": 23,
    "fields": {
        "student": 23,
        "date": "2017-08-01",
        "present_day1": false,
        "present_day2": false,
        "present_day3": false,
        "present_day4": false,
        "present_day5": false,
        "present_day6": false,
        "present_day7": false,
        "present_day8": true,
        "present_day9": false,
        "present_day10": false,
        "present_day11": false,
        "present_day12": false,
        "present_day13": false,
        "present_day14": false,
        "present_day15": false,
        "present_day16": false,
        "present_day17": false,
        "present_day18": false,
        "present_day19": false,
        "present_day20": false,
        "present_day21": false,
        "present_day22": false,
        "present_day23": false,
        "present_day24": false,
        "present_day25": false,
        "present_day26": false,
        "present_day27": false,
        "present_day28": false,
        "present_day29": false,
        "present_day30": false,
        "present_day31": false
    }
},
{
    "model": "students.monthjournal",
    "pk": 24,
    "fields": {
        "student": 21,
        "date": "2017-08-01",
        "present_day1": false,
        "present_day2": false,
        "present_day3": false,
        "present_day4": false,
        "present_day5": false,
        "present_day6": false,
        "present_day7": false,
        "present_day8": false,
        "present_day9": true,
        "present_day10": false,
        "present_day11": false,
        "present_day12": false,
        "present_day13": false,
        "present_day14": false,
        "present_day15": false,
        "present_day16": false,
        "present_day17": false,
        "present_day18": false,
        "present_day19": false,
        "present_day20": false,
        "present_day21": false,
        "present_day22": false,
        "present_day23": false,
        "present_day24": false,
        "present_day25": false,
        "present_day26": false,
        "present_day27": false,
        "present_day28": false,
        "present_day29": false,
        "present_day30": false,
        "present_day31": false
    }
},
{
    "model": "students.monthjournal",
    "pk": 25,
    "fields": {
        "student": 25,
        "date": "2017-08-01",
        "present_day1": false,
        "present_day2": false,
        "present_day3": false,
        "present_day4": false,
        "present_day5": false,
        "present_day6": false,
        "present_day7": false,
        "present_day8": false,
        "present_day9": false,
        "present_day10": true,
        "present_day11": false,
        "present_day12": false,
        "present_day13": false,
        "present_day14": false,
        "present_day15": false,
        "present_day16": false,
        "present_day17": false,
        "present_day18": false,
        "present_day19": false,
        "present_day20": false,
        "present_day21": false,
        "present_day22": false,
        "present_day23": false,
        "present_day24": false,
        "present_day25": false,
        "present_day26": false,
        "present_day27": false,
        "present_day28": false,
        "present_day29": false,
        "present_day30": false,
        "present_day31": false
    }
},
{
    "model": "students.monthjournal",
    "pk": 26,
    "fields": {
        "student": 1,
        "date": "2017-08-01",
        "present_day1": false,
        "present_day2": false,
        "present_day3": false,
        "present_day4": false,
        "present_day5": false,
        "present_day6": false,
        "present_day7": false,
        "present_day8": false,
        "present_day9": false,
        "present_day10": false,
        "present_day11": true,
        "present_day12": false,
        "present_day13": false,
        "present_day14": false,
        "present_day15": false,
        "present_day16": false,
        "present_day17": false,
        "present_day18": false,
        "present_day19": false,
        "present_day20": false,
        "present_day21": false,
        "present_day22": false,
        "present_day23": false,
        "present_day24": false,
        "present_day25": false,
        "present_day26": false,
        "present_day27": false,
        "present_day28": false,
        "present_day29": false,
        "present_day30": false,
        "present_day31": false
    }
},
{
    "model": "students.monthjournal",
    "pk": 27,
    "fields": {
        "student": 14,
        "date": "2017-08-01",
        "present_day1": false,
        "present_day2": false,
        "present_day3": false,
        "present_day4": false,
        "present_day5": false,
        "present_day6": false,
        "present_day7": false,
        "present_day8": false,
        "present_day9": false,
        "present_day10": false,
        "present_day11": false,
        "present_day12": true,
        "present_day13": false,
        "present_day14": false,
        "present_day15": false,
        "present_day16": false,
        "present_day17": false,
        "present_day18": false,
        "present_day19": false,
        "present_day20": false,
        "present_day21": false,
        "present_day22": false,
        "present_day23": false,
        "present_day24": false,
        "present_day25": false,
        "present_day26": false,
        "present_day27": false,
        "present_day28": false,
        "present_day29": false,
        "present_day30": false,
        "present_day31": false
    }
},
{
    "model": "auth.user",
    "pk": 1,
    "fields": {
        "password": "pbkdf2_sha256$30000$Wqi3fPr7L7Kx$TXXWVIJPfBykDzqUGEnvnuBts+yf/B4fhG0dF982tqY=",
        "last_login": "2017-09-15T11:07:32.797Z",
        "is_superuser": true,
        "username": "natalya",
        "first_name": "",
        "last_name": "",
        "email": "natalya2487@gmail.com",
        "is_staff": true,
        "is_active": true,
        "date_joined": "2016-10-10T07:04:19.006Z",
        "groups": [],
        "user_permissions": []
    }
},
{
    "model": "admin.logentry",
    "pk": 1,
    "fields": {
        "action_time": "2016-10-10T07:10:23.046Z",
        "user": 1,
        "content_type": 7,
        "object_id": "3",
        "object_repr": "\u041d\u0430\u0442\u0430\u043b\u044c\u044f \u041f\u0438\u043c\u0430\u043d\u043a\u043e\u0432\u0430",
        "action_flag": 1,
        "change_message": "[{\"added\": {}}]"
    }
},
{
    "model": "admin.logentry",
    "pk": 2,
    "fields": {
        "action_time": "2016-10-10T07:11:02.914Z",
        "user": 1,
        "content_type": 7,
        "object_id": "4",
        "object_repr": "\u0410\u0440\u0442\u0435\u043c \u041c\u0430\u043a\u0430\u0440\u043e\u0432",
        "action_flag": 1,
        "change_message": "[{\"added\": {}}]"
    }
},
{
    "model": "admin.logentry",
    "pk": 3,
    "fields": {
        "action_time": "2016-10-10T07:11:41.721Z",
        "user": 1,
        "content_type": 7,
        "object_id": "5",
        "object_repr": "\u0412\u043b\u0430\u0434 \u0413\u043e\u043b\u043e\u0432\u043a\u043e",
        "action_flag": 1,
        "change_message": "[{\"added\": {}}]"
    }
},
{
    "model": "admin.logentry",
    "pk": 4,
    "fields": {
        "action_time": "2016-10-10T10:23:21.554Z",
        "user": 1,
        "content_type": 7,
        "object_id": "6",
        "object_repr": "\u0412\u0456\u0442\u0430\u043b\u0456\u0439 \u041f\u043e\u0434\u043e\u0431\u0430",
        "action_flag": 1,
        "change_message": "[{\"added\": {}}]"
    }
},
{
    "model": "admin.logentry",
    "pk": 5,
    "fields": {
        "action_time": "2016-10-10T10:23:49.330Z",
        "user": 1,
        "content_type": 7,
        "object_id": "7",
        "object_repr": "\u0410\u043d\u0434\u0440\u0456\u0439 \u041a\u043e\u0440\u043e\u0441\u0442",
        "action_flag": 1,
        "change_message": "[{\"added\": {}}]"
    }
},
{
    "model": "admin.logentry",
    "pk": 6,
    "fields": {
        "action_time": "2016-10-10T10:24:12.211Z",
        "user": 1,
        "content_type": 7,
        "object_id": "8",
        "object_repr": "\u0422\u0430\u0440\u0430\u0441 \u041f\u0440\u0438\u0442\u0443\u043b\u0430",
        "action_flag": 1,
        "change_message": "[{\"added\": {}}]"
    }
},
{
    "model": "admin.logentry",
    "pk": 7,
    "fields": {
        "action_time": "2016-10-10T10:46:25.101Z",
        "user": 1,
        "content_type": 7,
        "object_id": "6",
        "object_repr": "\u0412\u0456\u0442\u0430\u043b\u0456\u0439 \u041f\u043e\u0434\u043e\u0431\u0430",
        "action_flag": 2,
        "change_message": "[{\"changed\": {\"fields\": [\"photo\"]}}]"
    }
},
{
    "model": "admin.logentry",
    "pk": 8,
    "fields": {
        "action_time": "2016-10-10T10:46:57.779Z",
        "user": 1,
        "content_type": 7,
        "object_id": "7",
        "object_repr": "\u0410\u043d\u0434\u0440\u0456\u0439 \u041a\u043e\u0440\u043e\u0441\u0442",
        "action_flag": 2,
        "change_message": "[{\"changed\": {\"fields\": [\"photo\"]}}]"
    }
},
{
    "model": "admin.logentry",
    "pk": 9,
    "fields": {
        "action_time": "2016-10-10T10:47:21.386Z",
        "user": 1,
        "content_type": 7,
        "object_id": "8",
        "object_repr": "\u0422\u0430\u0440\u0430\u0441 \u041f\u0440\u0438\u0442\u0443\u043b\u0430",
        "action_flag": 2,
        "change_message": "[{\"changed\": {\"fields\": [\"photo\"]}}]"
    }
},
{
    "model": "admin.logentry",
    "pk": 10,
    "fields": {
        "action_time": "2016-10-12T08:15:22.214Z",
        "user": 1,
        "content_type": 8,
        "object_id": "1",
        "object_repr": "MTM (\u0412\u043b\u0430\u0434 \u0413\u043e\u043b\u043e\u0432\u043a\u043e)",
        "action_flag": 2,
        "change_message": "[{\"changed\": {\"fields\": [\"leader\"]}}]"
    }
},
{
    "model": "admin.logentry",
    "pk": 11,
    "fields": {
        "action_time": "2016-10-12T08:16:10.826Z",
        "user": 1,
        "content_type": 8,
        "object_id": "2",
        "object_repr": "\u0406-05 (\u041d\u0430\u0442\u0430\u043b\u044c\u044f \u041f\u0438\u043c\u0430\u043d\u043a\u043e\u0432\u0430)",
        "action_flag": 1,
        "change_message": "[{\"added\": {}}]"
    }
},
{
    "model": "admin.logentry",
    "pk": 12,
    "fields": {
        "action_time": "2016-10-12T08:16:43.606Z",
        "user": 1,
        "content_type": 7,
        "object_id": "3",
        "object_repr": "\u041d\u0430\u0442\u0430\u043b\u044c\u044f \u041f\u0438\u043c\u0430\u043d\u043a\u043e\u0432\u0430",
        "action_flag": 2,
        "change_message": "[{\"changed\": {\"fields\": [\"student_group\"]}}]"
    }
},
{
    "model": "admin.logentry",
    "pk": 13,
    "fields": {
        "action_time": "2016-10-12T08:16:48.788Z",
        "user": 1,
        "content_type": 8,
        "object_id": "2",
        "object_repr": "\u0406-05 (\u041d\u0430\u0442\u0430\u043b\u044c\u044f \u041f\u0438\u043c\u0430\u043d\u043a\u043e\u0432\u0430)",
        "action_flag": 2,
        "change_message": "[]"
    }
},
{
    "model": "admin.logentry",
    "pk": 14,
    "fields": {
        "action_time": "2016-10-12T08:17:32.014Z",
        "user": 1,
        "content_type": 7,
        "object_id": "4",
        "object_repr": "\u0410\u0440\u0442\u0435\u043c \u041c\u0430\u043a\u0430\u0440\u043e\u0432",
        "action_flag": 2,
        "change_message": "[{\"changed\": {\"fields\": [\"student_group\"]}}]"
    }
},
{
    "model": "admin.logentry",
    "pk": 15,
    "fields": {
        "action_time": "2016-10-21T06:40:22.426Z",
        "user": 1,
        "content_type": null,
        "object_id": "1",
        "object_repr": "\u0427\u0438\u0441\u043b\u0435\u043d\u043d\u044b\u0435 \u043c\u0435\u0442\u043e\u0434\u044b (MTM - \u041f\u0435\u0442\u0440\u043e\u0432 \u0412.\u0412)",
        "action_flag": 1,
        "change_message": "[{\"added\": {}}]"
    }
},
{
    "model": "admin.logentry",
    "pk": 16,
    "fields": {
        "action_time": "2016-10-21T06:41:15.723Z",
        "user": 1,
        "content_type": null,
        "object_id": "2",
        "object_repr": "\u041c\u0430\u0442\u0435\u043c\u0430\u0442\u0438\u0447\u0435\u0441\u043a\u0438\u0439 \u0430\u043d\u0430\u043b\u0438\u0437 (\u0406-05 - \u041a\u043e\u0440\u043e\u043b\u044c\u0441\u043a\u0438\u0439)",
        "action_flag": 1,
        "change_message": "[{\"added\": {}}]"
    }
},
{
    "model": "admin.logentry",
    "pk": 17,
    "fields": {
        "action_time": "2016-10-21T10:27:15.986Z",
        "user": 1,
        "content_type": 8,
        "object_id": "1",
        "object_repr": "MTM (\u0412\u0456\u0442\u0430\u043b\u0456\u0439 \u041f\u043e\u0434\u043e\u0431\u0430)",
        "action_flag": 2,
        "change_message": "[{\"changed\": {\"fields\": [\"leader\"]}}]"
    }
},
{
    "model": "admin.logentry",
    "pk": 18,
    "fields": {
        "action_time": "2016-10-21T10:29:21.563Z",
        "user": 1,
        "content_type": 7,
        "object_id": "9",
        "object_repr": "\u0410\u043d\u0430\u0441\u0442\u0430\u0441\u0456\u044f \u041a\u0430\u0440\u043f\u0435\u043d\u043a\u043e",
        "action_flag": 1,
        "change_message": "[{\"added\": {}}]"
    }
},
{
    "model": "admin.logentry",
    "pk": 19,
    "fields": {
        "action_time": "2016-10-21T10:29:32.022Z",
        "user": 1,
        "content_type": 8,
        "object_id": "3",
        "object_repr": "\u041d\u0410\u0424-05-1 (\u0410\u043d\u0430\u0441\u0442\u0430\u0441\u0456\u044f \u041a\u0430\u0440\u043f\u0435\u043d\u043a\u043e)",
        "action_flag": 1,
        "change_message": "[{\"added\": {}}]"
    }
},
{
    "model": "admin.logentry",
    "pk": 20,
    "fields": {
        "action_time": "2016-10-21T10:30:03.034Z",
        "user": 1,
        "content_type": 7,
        "object_id": "9",
        "object_repr": "\u0410\u043d\u0430\u0441\u0442\u0430\u0441\u0456\u044f \u041a\u0430\u0440\u043f\u0435\u043d\u043a\u043e",
        "action_flag": 2,
        "change_message": "[{\"changed\": {\"fields\": [\"student_group\"]}}]"
    }
},
{
    "model": "admin.logentry",
    "pk": 21,
    "fields": {
        "action_time": "2016-10-21T10:38:32.329Z",
        "user": 1,
        "content_type": null,
        "object_id": "3",
        "object_repr": "\u0410\u043d\u0433\u043b\u0456\u0439\u0441\u044c\u043a\u0430 \u043c\u043e\u0432\u0430. \u0413\u0440\u0430\u043c\u0430\u0442\u0438\u043a\u0430 (\u041d\u0410\u0424-05-1 - \u0406\u0432\u0430\u043d\u043e\u0432\u0430 \u041b. \u041f.)",
        "action_flag": 1,
        "change_message": "[{\"added\": {}}]"
    }
},
{
    "model": "admin.logentry",
    "pk": 22,
    "fields": {
        "action_time": "2016-10-21T11:13:17.869Z",
        "user": 1,
        "content_type": null,
        "object_id": "3",
        "object_repr": "\u0410\u043d\u0433\u043b\u0456\u0439\u0441\u044c\u043a\u0430 \u043c\u043e\u0432\u0430. \u0413\u0440\u0430\u043c\u0430\u0442\u0438\u043a\u0430 (\u041d\u0410\u0424-05-1 - \u0406\u0432\u0430\u043d\u043e\u0432\u0430 \u041b. \u041f.)",
        "action_flag": 2,
        "change_message": "[{\"changed\": {\"fields\": [\"date\"]}}]"
    }
},
{
    "model": "admin.logentry",
    "pk": 23,
    "fields": {
        "action_time": "2016-10-21T11:13:59.588Z",
        "user": 1,
        "content_type": null,
        "object_id": "2",
        "object_repr": "\u041c\u0430\u0442\u0435\u043c\u0430\u0442\u0438\u0447\u0435\u0441\u043a\u0438\u0439 \u0430\u043d\u0430\u043b\u0438\u0437 (\u0406-05 - \u041a\u043e\u0440\u043e\u043b\u044c\u0441\u043a\u0438\u0439 \u0412. \u0410.)",
        "action_flag": 2,
        "change_message": "[{\"changed\": {\"fields\": [\"date\", \"teacher\"]}}]"
    }
},
{
    "model": "admin.logentry",
    "pk": 24,
    "fields": {
        "action_time": "2016-10-21T11:14:23.168Z",
        "user": 1,
        "content_type": null,
        "object_id": "1",
        "object_repr": "\u0427\u0438\u0441\u043b\u0435\u043d\u043d\u044b\u0435 \u043c\u0435\u0442\u043e\u0434\u044b (MTM - \u041f\u0435\u0442\u0440\u043e\u0432 \u0412.\u0412)",
        "action_flag": 2,
        "change_message": "[{\"changed\": {\"fields\": [\"date\"]}}]"
    }
},
{
    "model": "admin.logentry",
    "pk": 25,
    "fields": {
        "action_time": "2016-10-23T03:11:35.059Z",
        "user": 1,
        "content_type": 10,
        "object_id": "1",
        "object_repr": "4.0 - \u0410\u0440\u0442\u0435\u043c \u041c\u0430\u043a\u0430\u0440\u043e\u0432 \u041c\u0430\u0442\u0435\u043c\u0430\u0442\u0438\u0447\u0435\u0441\u043a\u0438\u0439 \u0430\u043d\u0430\u043b\u0438\u0437 (\u0406-05 - \u041a\u043e\u0440\u043e\u043b\u044c\u0441\u043a\u0438\u0439 \u0412. \u0410.)",
        "action_flag": 1,
        "change_message": "[{\"added\": {}}]"
    }
},
{
    "model": "admin.logentry",
    "pk": 26,
    "fields": {
        "action_time": "2016-10-23T03:11:52.848Z",
        "user": 1,
        "content_type": 10,
        "object_id": "2",
        "object_repr": "5.0 - \u0412\u043b\u0430\u0434 \u0413\u043e\u043b\u043e\u0432\u043a\u043e \u0410\u043d\u0433\u043b\u0456\u0439\u0441\u044c\u043a\u0430 \u043c\u043e\u0432\u0430. \u0413\u0440\u0430\u043c\u0430\u0442\u0438\u043a\u0430 (\u041d\u0410\u0424-05-1 - \u0406\u0432\u0430\u043d\u043e\u0432\u0430 \u041b. \u041f.)",
        "action_flag": 1,
        "change_message": "[{\"added\": {}}]"
    }
},
{
    "model": "admin.logentry",
    "pk": 27,
    "fields": {
        "action_time": "2016-10-23T03:12:13.498Z",
        "user": 1,
        "content_type": 10,
        "object_id": "3",
        "object_repr": "4.0 - \u0410\u043d\u0434\u0440\u0456\u0439 \u041a\u043e\u0440\u043e\u0441\u0442 \u0410\u043d\u0433\u043b\u0456\u0439\u0441\u044c\u043a\u0430 \u043c\u043e\u0432\u0430. \u0413\u0440\u0430\u043c\u0430\u0442\u0438\u043a\u0430 (\u041d\u0410\u0424-05-1 - \u0406\u0432\u0430\u043d\u043e\u0432\u0430 \u041b. \u041f.)",
        "action_flag": 1,
        "change_message": "[{\"added\": {}}]"
    }
},
{
    "model": "admin.logentry",
    "pk": 28,
    "fields": {
        "action_time": "2016-10-23T03:12:39.000Z",
        "user": 1,
        "content_type": 10,
        "object_id": "4",
        "object_repr": "5.0 - \u0412\u043b\u0430\u0434 \u0413\u043e\u043b\u043e\u0432\u043a\u043e \u0427\u0438\u0441\u043b\u0435\u043d\u043d\u044b\u0435 \u043c\u0435\u0442\u043e\u0434\u044b (MTM - \u041f\u0435\u0442\u0440\u043e\u0432 \u0412.\u0412)",
        "action_flag": 1,
        "change_message": "[{\"added\": {}}]"
    }
},
{
    "model": "admin.logentry",
    "pk": 29,
    "fields": {
        "action_time": "2016-10-23T03:12:55.931Z",
        "user": 1,
        "content_type": 10,
        "object_id": "5",
        "object_repr": "5.0 - \u0412\u043b\u0430\u0434 \u0413\u043e\u043b\u043e\u0432\u043a\u043e \u0427\u0438\u0441\u043b\u0435\u043d\u043d\u044b\u0435 \u043c\u0435\u0442\u043e\u0434\u044b (MTM - \u041f\u0435\u0442\u0440\u043e\u0432 \u0412.\u0412)",
        "action_flag": 1,
        "change_message": "[{\"added\": {}}]"
    }
},
{
    "model": "admin.logentry",
    "pk": 30,
    "fields": {
        "action_time": "2016-10-23T03:18:20.312Z",
        "user": 1,
        "content_type": 10,
        "object_id": "5",
        "object_repr": "5.0 - \u0412\u043b\u0430\u0434 \u0413\u043e\u043b\u043e\u0432\u043a\u043e \u0427\u0438\u0441\u043b\u0435\u043d\u043d\u044b\u0435 \u043c\u0435\u0442\u043e\u0434\u044b (MTM - \u041f\u0435\u0442\u0440\u043e\u0432 \u0412.\u0412)",
        "action_flag": 2,
        "change_message": "[]"
    }
},
{
    "model": "admin.logentry",
    "pk": 31,
    "fields": {
        "action_time": "2016-10-23T03:19:05.799Z",
        "user": 1,
        "content_type": 10,
        "object_id": "6",
        "object_repr": "5.0 - \u041d\u0430\u0442\u0430\u043b\u044c\u044f \u041f\u0438\u043c\u0430\u043d\u043a\u043e\u0432\u0430 \u0427\u0438\u0441\u043b\u0435\u043d\u043d\u044b\u0435 \u043c\u0435\u0442\u043e\u0434\u044b (MTM - \u041f\u0435\u0442\u0440\u043e\u0432 \u0412.\u0412)",
        "action_flag": 1,
        "change_message": "[{\"added\": {}}]"
    }
},
{
    "model": "admin.logentry",
    "pk": 32,
    "fields": {
        "action_time": "2016-11-14T12:16:39.130Z",
        "user": 1,
        "content_type": 7,
        "object_id": "9",
        "object_repr": "\u0410\u043d\u0430\u0441\u0442\u0430\u0441\u0456\u044f \u041a\u0430\u0440\u043f\u0435\u043d\u043a\u043e",
        "action_flag": 2,
        "change_message": "[]"
    }
},
{
    "model": "admin.logentry",
    "pk": 33,
    "fields": {
        "action_time": "2016-11-14T18:50:44.999Z",
        "user": 1,
        "content_type": 8,
        "object_id": "2",
        "object_repr": "\u0406-05 (\u043b\u043b \u0446\u0446)",
        "action_flag": 2,
        "change_message": "[{\"changed\": {\"fields\": [\"leader\"]}}]"
    }
},
{
    "model": "admin.logentry",
    "pk": 34,
    "fields": {
        "action_time": "2016-11-14T18:51:35.367Z",
        "user": 1,
        "content_type": 7,
        "object_id": "6",
        "object_repr": "\u0412\u0456\u0442\u0430\u043b\u0456\u0439 \u041f\u043e\u0434\u043e\u0431\u0430",
        "action_flag": 2,
        "change_message": "[{\"changed\": {\"fields\": [\"student_group\"]}}]"
    }
},
{
    "model": "admin.logentry",
    "pk": 35,
    "fields": {
        "action_time": "2016-11-14T18:51:35.386Z",
        "user": 1,
        "content_type": 7,
        "object_id": "8",
        "object_repr": "\u0422\u0430\u0440\u0430\u0441 \u041f\u0440\u0438\u0442\u0443\u043b\u0430",
        "action_flag": 2,
        "change_message": "[{\"changed\": {\"fields\": [\"student_group\"]}}]"
    }
},
{
    "model": "admin.logentry",
    "pk": 36,
    "fields": {
        "action_time": "2016-11-14T18:58:17.549Z",
        "user": 1,
        "content_type": 8,
        "object_id": "4",
        "object_repr": "MI-05-1 (\u043c\u043c \u0456\u0456\u0440\u0440)",
        "action_flag": 1,
        "change_message": "[{\"added\": {}}]"
    }
},
{
    "model": "admin.logentry",
    "pk": 37,
    "fields": {
        "action_time": "2016-11-14T18:58:36.474Z",
        "user": 1,
        "content_type": 8,
        "object_id": "5",
        "object_repr": "www",
        "action_flag": 1,
        "change_message": "[{\"added\": {}}]"
    }
},
{
    "model": "admin.logentry",
    "pk": 38,
    "fields": {
        "action_time": "2016-11-14T18:59:28.478Z",
        "user": 1,
        "content_type": 8,
        "object_id": "5",
        "object_repr": "www",
        "action_flag": 3,
        "change_message": ""
    }
},
{
    "model": "admin.logentry",
    "pk": 39,
    "fields": {
        "action_time": "2017-08-14T09:19:24.615Z",
        "user": 1,
        "content_type": 14,
        "object_id": "1",
        "object_repr": "Continent object",
        "action_flag": 1,
        "change_message": "[{\"added\": {}}]"
    }
},
{
    "model": "admin.logentry",
    "pk": 40,
    "fields": {
        "action_time": "2017-08-14T09:19:42.636Z",
        "user": 1,
        "content_type": 14,
        "object_id": "2",
        "object_repr": "Continent object",
        "action_flag": 1,
        "change_message": "[{\"added\": {}}]"
    }
},
{
    "model": "admin.logentry",
    "pk": 41,
    "fields": {
        "action_time": "2017-08-14T09:19:59.899Z",
        "user": 1,
        "content_type": 14,
        "object_id": "3",
        "object_repr": "Continent object",
        "action_flag": 1,
        "change_message": "[{\"added\": {}}]"
    }
},
{
    "model": "admin.logentry",
    "pk": 42,
    "fields": {
        "action_time": "2017-08-14T09:20:15.720Z",
        "user": 1,
        "content_type": 14,
        "object_id": "4",
        "object_repr": "Continent object",
        "action_flag": 1,
        "change_message": "[{\"added\": {}}]"
    }
},
{
    "model": "admin.logentry",
    "pk": 43,
    "fields": {
        "action_time": "2017-08-14T09:20:35.214Z",
        "user": 1,
        "content_type": 14,
        "object_id": "5",
        "object_repr": "Continent object",
        "action_flag": 1,
        "change_message": "[{\"added\": {}}]"
    }
},
{
    "model": "admin.logentry",
    "pk": 44,
    "fields": {
        "action_time": "2017-08-14T09:21:37.146Z",
        "user": 1,
        "content_type": 16,
        "object_id": "1",
        "object_repr": "Country object",
        "action_flag": 1,
        "change_message": "[{\"added\": {}}]"
    }
},
{
    "model": "admin.logentry",
    "pk": 45,
    "fields": {
        "action_time": "2017-08-14T09:22:14.088Z",
        "user": 1,
        "content_type": 15,
        "object_id": "1",
        "object_repr": "Area object",
        "action_flag": 1,
        "change_message": "[{\"added\": {}}]"
    }
},
{
    "model": "admin.logentry",
    "pk": 46,
    "fields": {
        "action_time": "2017-08-14T09:22:32.830Z",
        "user": 1,
        "content_type": 13,
        "object_id": "1",
        "object_repr": "Location object",
        "action_flag": 1,
        "change_message": "[{\"added\": {}}]"
    }
},
{
    "model": "admin.logentry",
    "pk": 47,
    "fields": {
        "action_time": "2017-09-15T11:25:53.745Z",
        "user": 1,
        "content_type": 7,
        "object_id": "1",
        "object_repr": "\u041e\u043b\u0435\u0433 \u041f\u043e\u0434\u043e\u0431\u0430",
        "action_flag": 2,
        "change_message": "[{\"changed\": {\"fields\": [\"first_name_en\", \"last_name_en\", \"notes_en\"]}}]"
    }
},
{
    "model": "admin.logentry",
    "pk": 48,
    "fields": {
        "action_time": "2017-09-15T11:27:23.212Z",
        "user": 1,
        "content_type": 7,
        "object_id": "27",
        "object_repr": "\u0406\u0440\u0438\u043d\u0430 \u0421\u0430\u0432\u0447\u0435\u043d\u043a\u043e",
        "action_flag": 2,
        "change_message": "[{\"changed\": {\"fields\": [\"first_name_en\", \"first_name_uk\", \"last_name_en\", \"last_name_uk\"]}}]"
    }
},
{
    "model": "admin.logentry",
    "pk": 49,
    "fields": {
        "action_time": "2017-09-15T11:30:33.973Z",
        "user": 1,
        "content_type": 7,
        "object_id": "25",
        "object_repr": "\u041d\u0430\u0442\u0430\u043b\u0456\u044f \u041f\u0456\u043c\u0430\u043d\u043a\u043e\u0432\u0430",
        "action_flag": 2,
        "change_message": "[{\"changed\": {\"fields\": [\"first_name_uk\", \"last_name_uk\"]}}]"
    }
},
{
    "model": "admin.logentry",
    "pk": 50,
    "fields": {
        "action_time": "2017-09-15T11:32:07.905Z",
        "user": 1,
        "content_type": 7,
        "object_id": "3",
        "object_repr": "\u041d\u0430\u0442\u0430\u043b\u0456\u044f \u041f\u0456\u043c\u0430\u043d\u043a\u043e\u0432\u0430",
        "action_flag": 2,
        "change_message": "[{\"changed\": {\"fields\": [\"first_name_uk\", \"last_name_uk\"]}}]"
    }
},
{
    "model": "admin.logentry",
    "pk": 51,
    "fields": {
        "action_time": "2017-09-15T11:32:45.227Z",
        "user": 1,
        "content_type": 7,
        "object_id": "24",
        "object_repr": "\u0421\u0442\u0443\u0434\u0435\u043d\u0442 \u0422\u0435\u0441\u0442\u043e\u0432\u0438\u0439",
        "action_flag": 2,
        "change_message": "[{\"changed\": {\"fields\": [\"first_name_uk\", \"last_name_uk\"]}}]"
    }
},
{
    "model": "admin.logentry",
    "pk": 52,
    "fields": {
        "action_time": "2017-09-15T11:33:26.533Z",
        "user": 1,
        "content_type": 7,
        "object_id": "23",
        "object_repr": "\u0421\u0442\u0443\u0434\u0435\u043d\u0442 \u0411\u0430\u0431\u0435\u043d\u043a\u043e",
        "action_flag": 2,
        "change_message": "[{\"changed\": {\"fields\": [\"first_name_uk\", \"last_name_uk\"]}}]"
    }
},
{
    "model": "admin.logentry",
    "pk": 53,
    "fields": {
        "action_time": "2017-09-15T11:33:54.836Z",
        "user": 1,
        "content_type": 7,
        "object_id": "22",
        "object_repr": "\u0420\u043e\u043c\u0430\u043d \u0410\u043a\u0443\u043b\u043e\u0432",
        "action_flag": 2,
        "change_message": "[{\"changed\": {\"fields\": [\"first_name_uk\", \"last_name_uk\"]}}]"
    }
},
{
    "model": "admin.logentry",
    "pk": 54,
    "fields": {
        "action_time": "2017-09-15T11:34:26.886Z",
        "user": 1,
        "content_type": 7,
        "object_id": "4",
        "object_repr": "\u0410\u0440\u0442\u0435\u043c \u041c\u0430\u043a\u0430\u0440\u043e\u0432",
        "action_flag": 2,
        "change_message": "[{\"changed\": {\"fields\": [\"first_name_uk\", \"last_name_uk\"]}}]"
    }
},
{
    "model": "admin.logentry",
    "pk": 55,
    "fields": {
        "action_time": "2017-09-15T11:34:51.309Z",
        "user": 1,
        "content_type": 7,
        "object_id": "4",
        "object_repr": "\u0410\u0440\u0442\u0435\u043c \u041c\u0430\u043a\u0430\u0440\u043e\u0432",
        "action_flag": 2,
        "change_message": "[{\"changed\": {\"fields\": [\"middle_name_uk\"]}}]"
    }
},
{
    "model": "admin.logentry",
    "pk": 56,
    "fields": {
        "action_time": "2017-09-15T11:36:44.200Z",
        "user": 1,
        "content_type": 7,
        "object_id": "5",
        "object_repr": "\u0412\u043b\u0430\u0434 \u0413\u043e\u043b\u043e\u0432\u043a\u043e",
        "action_flag": 2,
        "change_message": "[{\"changed\": {\"fields\": [\"first_name_en\", \"first_name_uk\", \"last_name_en\", \"last_name_uk\", \"middle_name_uk\"]}}]"
    }
},
{
    "model": "admin.logentry",
    "pk": 57,
    "fields": {
        "action_time": "2017-09-15T11:37:40.264Z",
        "user": 1,
        "content_type": 7,
        "object_id": "6",
        "object_repr": "\u0412\u0456\u0442\u0430\u043b\u0456\u0439 \u041f\u043e\u0434\u043e\u0431\u0430",
        "action_flag": 2,
        "change_message": "[{\"changed\": {\"fields\": [\"first_name_en\", \"first_name_uk\", \"last_name_en\", \"last_name_uk\"]}}]"
    }
},
{
    "model": "admin.logentry",
    "pk": 58,
    "fields": {
        "action_time": "2017-09-15T11:38:36.990Z",
        "user": 1,
        "content_type": 7,
        "object_id": "7",
        "object_repr": "\u0410\u043d\u0434\u0440\u0456\u0439 \u041a\u043e\u0440\u043e\u0441\u0442",
        "action_flag": 2,
        "change_message": "[{\"changed\": {\"fields\": [\"first_name_en\", \"first_name_uk\", \"last_name_en\", \"last_name_uk\"]}}]"
    }
},
{
    "model": "admin.logentry",
    "pk": 59,
    "fields": {
        "action_time": "2017-09-15T11:39:12.894Z",
        "user": 1,
        "content_type": 7,
        "object_id": "8",
        "object_repr": "\u0422\u0430\u0440\u0430\u0441 \u041f\u0440\u0438\u0442\u0443\u043b\u0430",
        "action_flag": 2,
        "change_message": "[{\"changed\": {\"fields\": [\"first_name_en\", \"first_name_uk\", \"last_name_en\", \"last_name_uk\"]}}]"
    }
},
{
    "model": "admin.logentry",
    "pk": 60,
    "fields": {
        "action_time": "2017-09-15T11:39:39.464Z",
        "user": 1,
        "content_type": 7,
        "object_id": "9",
        "object_repr": "\u0410\u043d\u0430\u0441\u0442\u0430\u0441\u0456\u044f \u041a\u0430\u0440\u043f\u0435\u043d\u043a\u043e",
        "action_flag": 2,
        "change_message": "[{\"changed\": {\"fields\": [\"first_name_uk\", \"last_name_uk\"]}}]"
    }
},
{
    "model": "admin.logentry",
    "pk": 61,
    "fields": {
        "action_time": "2017-09-15T11:40:30.561Z",
        "user": 1,
        "content_type": 7,
        "object_id": "10",
        "object_repr": "\u0421\u0435\u0440\u0433\u0456\u0439 \u0421\u0435\u0440\u0435\u0434\u0430",
        "action_flag": 2,
        "change_message": "[{\"changed\": {\"fields\": [\"first_name_uk\", \"last_name_uk\", \"middle_name_uk\"]}}]"
    }
},
{
    "model": "admin.logentry",
    "pk": 62,
    "fields": {
        "action_time": "2017-09-15T11:41:05.108Z",
        "user": 1,
        "content_type": 7,
        "object_id": "11",
        "object_repr": "\u0410\u043d\u0434\u0440\u0456\u0439 \u0413\u0443\u043c\u0435\u043d\u044e\u043a",
        "action_flag": 2,
        "change_message": "[{\"changed\": {\"fields\": [\"first_name_uk\", \"last_name_uk\"]}}]"
    }
},
{
    "model": "admin.logentry",
    "pk": 63,
    "fields": {
        "action_time": "2017-09-15T11:41:35.822Z",
        "user": 1,
        "content_type": 7,
        "object_id": "12",
        "object_repr": "\u041a\u0430\u0442\u0435\u0440\u0438\u043d\u0430 \u041c\u0456\u0449\u0435\u043d\u043a\u043e",
        "action_flag": 2,
        "change_message": "[{\"changed\": {\"fields\": [\"first_name_uk\", \"last_name_uk\", \"middle_name_uk\"]}}]"
    }
},
{
    "model": "admin.logentry",
    "pk": 64,
    "fields": {
        "action_time": "2017-09-15T11:42:45.783Z",
        "user": 1,
        "content_type": 7,
        "object_id": "13",
        "object_repr": "\u0410\u043d\u043d\u0430 \u0406\u0432\u0430\u043d\u0438\u0448\u0438\u043d\u0430",
        "action_flag": 2,
        "change_message": "[{\"changed\": {\"fields\": [\"first_name_uk\", \"last_name_uk\", \"middle_name_uk\"]}}]"
    }
},
{
    "model": "admin.logentry",
    "pk": 65,
    "fields": {
        "action_time": "2017-09-15T11:43:46.747Z",
        "user": 1,
        "content_type": 7,
        "object_id": "14",
        "object_repr": "\u0421\u0435\u0440\u0433\u0456\u0439 \u0412\u043e\u0432\u043a",
        "action_flag": 2,
        "change_message": "[{\"changed\": {\"fields\": [\"first_name_uk\", \"last_name_uk\", \"middle_name_uk\"]}}]"
    }
},
{
    "model": "admin.logentry",
    "pk": 66,
    "fields": {
        "action_time": "2017-09-15T11:44:11.583Z",
        "user": 1,
        "content_type": 7,
        "object_id": "16",
        "object_repr": "\u042e\u043b\u0456\u044f \u0425\u0430\u0440\u043b\u0430\u043c\u043e\u0432\u0430",
        "action_flag": 2,
        "change_message": "[{\"changed\": {\"fields\": [\"first_name_uk\", \"last_name_uk\"]}}]"
    }
},
{
    "model": "admin.logentry",
    "pk": 67,
    "fields": {
        "action_time": "2017-09-15T11:44:56.711Z",
        "user": 1,
        "content_type": 7,
        "object_id": "17",
        "object_repr": "\u043c\u043c \u0456\u0456\u0440\u0440",
        "action_flag": 2,
        "change_message": "[{\"changed\": {\"fields\": [\"first_name_uk\", \"last_name_uk\"]}}]"
    }
},
{
    "model": "admin.logentry",
    "pk": 68,
    "fields": {
        "action_time": "2017-09-15T11:45:18.478Z",
        "user": 1,
        "content_type": 7,
        "object_id": "18",
        "object_repr": "\u043b\u043b \u0446\u0446",
        "action_flag": 2,
        "change_message": "[{\"changed\": {\"fields\": [\"first_name_uk\", \"last_name_uk\"]}}]"
    }
},
{
    "model": "admin.logentry",
    "pk": 69,
    "fields": {
        "action_time": "2017-09-15T11:45:59.573Z",
        "user": 1,
        "content_type": 7,
        "object_id": "21",
        "object_repr": "\u041f\u0435\u0442\u0440\u043e \u0406\u0432\u0430\u043d\u043e\u0432",
        "action_flag": 2,
        "change_message": "[{\"changed\": {\"fields\": [\"first_name_uk\", \"last_name_uk\", \"middle_name_uk\"]}}]"
    }
},
{
    "model": "admin.logentry",
    "pk": 70,
    "fields": {
        "action_time": "2017-09-15T12:10:36.127Z",
        "user": 1,
        "content_type": 7,
        "object_id": "29",
        "object_repr": "\u041e\u043b\u0435\u043a\u0441\u0456\u0439 \u041b\u0430\u043d\u0447\u043a\u043e\u0432\u0441\u044c\u043a\u0438\u0439",
        "action_flag": 1,
        "change_message": "[{\"added\": {}}]"
    }
},
{
    "model": "admin.logentry",
    "pk": 71,
    "fields": {
        "action_time": "2017-09-15T12:19:12.985Z",
        "user": 1,
        "content_type": 7,
        "object_id": "3",
        "object_repr": "\u041e\u043b\u044c\u0433\u0430 \u0411\u0430\u0440\u0434\u0430\u0447\u043e\u0432\u0430",
        "action_flag": 2,
        "change_message": "[{\"changed\": {\"fields\": [\"first_name_en\", \"first_name_uk\", \"last_name_en\", \"last_name_uk\", \"birthday\"]}}]"
    }
}
]
